bank,app_id,review_id,user_name,score,content,date,thumbs_up,content_clean,lang
BOA,com.boa.boaMobileBanking,f1db2116-2cd4-4706-a634-e5a9c6a3b8f6,IMRAN Abdulhakim,5,best app of the year,2025-12-12 09:37:25.400000+00:00,0,best app of the year,en
BOA,com.boa.boaMobileBanking,6f88a64c-ca26-4c95-9f18-d2ede6aebae9,Selam Haile,1,it constantly bugs and doesnt open what is the purpose of mobile banking app if i dont use it when i need it?,2025-12-12 07:56:13.982000+00:00,0,it constantly bugs and doesnt open what is the purpose of mobile banking app if i dont use it when i need it?,en
BOA,com.boa.boaMobileBanking,65eb86df-c336-4035-bd1d-a014d89f4f67,ayne abreham,1,"please fix the bug this app does not work, it says Error The request was not successful. Please check device connectivity or try again.",2025-12-05 17:26:55.954000+00:00,1,"please fix the bug this app does not work, it says Error The request was not successful. Please check device connectivity or try again.",en
BOA,com.boa.boaMobileBanking,7a4c3729-98fc-4bda-a031-835cf4594d78,welsh yohans,1,what a bad app... cant even learn from CBE ... how can they even improve?,2025-12-02 08:12:23.198000+00:00,0,what a bad app... cant even learn from CBE ... how can they even improve?,en
BOA,com.boa.boaMobileBanking,d27d3172-fb10-492e-af66-8923ee7a2cfb,Afomi,1,it stuck everytime when i use it . the app won't budge to even open,2025-12-02 04:43:05.548000+00:00,0,it stuck everytime when i use it . the app won't budge to even open,en
BOA,com.boa.boaMobileBanking,1f812386-c485-4fd1-8299-3ffe264668c7,John Thh,1,i don't find it good and now it is not working!,2025-12-01 17:46:47.854000+00:00,0,i don't find it good and now it is not working!,en
BOA,com.boa.boaMobileBanking,843256e6-6275-4ae5-adaf-a01889b8a49f,Abraham Wolde,2,Make the reason we wrote visible on app transaction.,2025-12-01 06:20:30.853000+00:00,0,Make the reason we wrote visible on app transaction.,en
BOA,com.boa.boaMobileBanking,60e84fba-4730-499d-8f5b-88e52dda8db7,BEKI Movie senter,1,app is note active working crash,2025-11-30 18:57:28.220000+00:00,0,app is note active working crash,en
BOA,com.boa.boaMobileBanking,f28a3a3c-eb94-4aab-88d2-89bcecebcc7b,ሻንበል ኪዳነ,1,bad exprience...it is so crushed,2025-11-27 08:41:15.780000+00:00,0,bad exprience...it is so crushed,en
BOA,com.boa.boaMobileBanking,4ed89e8c-16dc-4763-94ca-04d05cf799a5,Tsegaw Fikru,1,not user friendly at all it requires a huge connectivity and also lags many times 😑😑😑,2025-11-26 19:52:50.519000+00:00,1,not user friendly at all it requires a huge connectivity and also lags many times 😑😑😑,en
BOA,com.boa.boaMobileBanking,896ee9aa-a483-4b1f-b73c-0a26c4b54790,ashenafi endale,1,most of the time is not working properly,2025-11-25 05:23:20.429000+00:00,0,most of the time is not working properly,en
BOA,com.boa.boaMobileBanking,d36fbdcb-b57e-4384-8e5b-ae549e25b33e,Eyosias Adane,1,It keeps notifying me to disable developer options and quiet while I'm not enabled. always bring another type of problem with new updates.,2025-11-22 11:21:32.322000+00:00,2,It keeps notifying me to disable developer options and quiet while I'm not enabled. always bring another type of problem with new updates.,en
BOA,com.boa.boaMobileBanking,b9fa948b-07bc-41f5-9e49-5e612b9a9db6,dani boy,1,the lag is unbelievable when you need it the most this suks,2025-11-19 10:04:40.622000+00:00,0,the lag is unbelievable when you need it the most this suks,en
BOA,com.boa.boaMobileBanking,c198f602-e9fb-4b61-ad3a-8efe42269b8d,yoseef abdulhamid,1,I cant belive I could find the worst bank app ever .yet very simple to fix the problem and the company just ignored it. no body can do business with this kind of app.,2025-11-18 17:28:03.589000+00:00,3,I cant belive I could find the worst bank app ever .yet very simple to fix the problem and the company just ignored it. no body can do business with this kind of app.,en
BOA,com.boa.boaMobileBanking,afad642f-39c4-4db0-adbf-5fbe7143f960,Ashenafi Biftu,5,it is a good app,2025-11-18 06:47:47.508000+00:00,0,it is a good app,en
BOA,com.boa.boaMobileBanking,9fb5fdaa-6172-43c1-ba46-2fcdfcd84c13,አጋፋሪ ሚዲያ Agafari media,1,it is not working at all,2025-11-15 17:42:13.925000+00:00,0,it is not working at all,en
BOA,com.boa.boaMobileBanking,58ccb5e9-0cf7-413c-8bb4-6515d4863bc1,Amenti Tesgera,5,🥰🥰🥰🥰🥰 app is good but i was live in abroad and when i enter my otp code it didnt make me to write my code it the app want it self write thats not fair so please other wise i like it why,2025-11-15 16:29:15.245000+00:00,59,🥰🥰🥰🥰🥰 app is good but i was live in abroad and when i enter my otp code it didnt make me to write my code it the app want it self write thats not fair so please other wise i like it why,en
BOA,com.boa.boaMobileBanking,0ed79d57-a54c-4541-9df0-67e1e8c72be3,Barecha Ashenafi,1,when trying to activate the app it keeps on loading on the security questions page. It has been two days,2025-11-13 06:57:58.110000+00:00,1,when trying to activate the app it keeps on loading on the security questions page. It has been two days,en
BOA,com.boa.boaMobileBanking,f38caf5b-4580-4a9f-819f-f4cd3d789176,Mebrate Teklay Negesse,5,fast and simple,2025-11-11 00:23:24.129000+00:00,0,fast and simple,en
BOA,com.boa.boaMobileBanking,6a7a5c64-4056-404d-b37e-60bf1d6ee90a,Hailay G Hailu,5,best of best,2025-11-10 16:25:19.435000+00:00,0,best of best,en
BOA,com.boa.boaMobileBanking,c6661ae9-95ab-4a2d-be7b-ad93bb48f278,Melesse Ayehu,1,"I would like to share feedback regarding the application. It frequently experiences disruptions and does not function properly, often freezing or failing to load. This issue is affecting workflow and efficiency. Kindly review and address this problem to ensure smoother performance.",2025-11-08 10:11:33.804000+00:00,142,"I would like to share feedback regarding the application. It frequently experiences disruptions and does not function properly, often freezing or failing to load. This issue is affecting workflow and efficiency. Kindly review and address this problem to ensure smoother performance.",en
BOA,com.boa.boaMobileBanking,493dc1a0-1d88-4d43-93ab-9b3c9d7426d9,Yeshambel kebede Melese,5,Meet you genuine.App I tried is not functional.Helping.welldoingwith BOA Ethiopia .fastandrelevant.morconnecting Digitalyworld.Digitalyworld. thanks.,2025-11-08 09:18:43.226000+00:00,0,Meet you genuine.App I tried is not functional.Helping.welldoingwith BOA Ethiopia .fastandrelevant.morconnecting Digitalyworld.Digitalyworld. thanks.,en
BOA,com.boa.boaMobileBanking,aa74e8f9-67d1-486a-a601-761ce0c79a4e,Navicii Entertainment,1,"Barely works, it always fails to connect",2025-11-07 13:33:56.750000+00:00,0,"Barely works, it always fails to connect",en
BOA,com.boa.boaMobileBanking,8fa4d905-fcd5-4124-8745-0014e9e746cf,VORTEX,1,this app launch time is so long also has dozen bugs in addition it's has been long time get update,2025-11-05 09:22:49.302000+00:00,2,this app launch time is so long also has dozen bugs in addition it's has been long time get update,en
BOA,com.boa.boaMobileBanking,e7e0dd5b-59ee-4ed8-abe8-821ed28c1a6f,Micheal Behailu,3,"Your application is very irritating to use, some functionality doesn't even work like on the card management. You need to do better than this and it good idea to reference other banking applications.",2025-11-04 12:26:13.194000+00:00,12,"Your application is very irritating to use, some functionality doesn't even work like on the card management. You need to do better than this and it good idea to reference other banking applications.",en
BOA,com.boa.boaMobileBanking,a2d5bdf0-ff92-408b-be55-a4bfa7b61fbc,yeshiwas Dagnew,1,i m sorry but it doesn't work for my android it is too slow but other bank are very fast please update,2025-10-30 19:18:43.602000+00:00,0,i m sorry but it doesn't work for my android it is too slow but other bank are very fast please update,en
BOA,com.boa.boaMobileBanking,8312e6d0-3b41-4061-b83f-54f6fcb4317a,Fira Wassie,1,"the worst app ever,",2025-10-30 18:09:22.923000+00:00,0,"the worst app ever,",en
BOA,com.boa.boaMobileBanking,924bdf3b-0b78-4402-9aaf-d1cbc39cc6af,ttss gulugulu,1,"I kindly request that Bank of abyssinia address issues with its mobile app. It is very slow, has numerous problems, and frequently experiences downtime. The user experience is also poor. Thank you.",2025-10-28 17:07:21.973000+00:00,0,"I kindly request that Bank of abyssinia address issues with its mobile app. It is very slow, has numerous problems, and frequently experiences downtime. The user experience is also poor. Thank you.",en
BOA,com.boa.boaMobileBanking,426191d1-9b6d-4582-aeae-55633c041d3e,Khaayyoo Birkii,1,this app can't open? what is problem? please solve my problem?,2025-10-27 23:44:21.356000+00:00,0,this app can't open? what is problem? please solve my problem?,en
BOA,com.boa.boaMobileBanking,6606f3a3-dbc9-4032-a905-37c737501776,Kefyalew Ol'anna,5,The best bank in 🇪🇹,2025-10-23 17:01:50.938000+00:00,1,The best bank in 🇪🇹,en
BOA,com.boa.boaMobileBanking,df5cd433-7f0e-4e13-ae07-4200db1965c0,አደም ፈጢራ ግራር,5,its good,2025-10-22 16:14:24.978000+00:00,0,its good,en
BOA,com.boa.boaMobileBanking,9917233c-933c-444f-b986-e97d3fe0f682,Mule Mac,1,the worst app in my financial experience.,2025-10-22 10:13:16.960000+00:00,0,the worst app in my financial experience.,en
BOA,com.boa.boaMobileBanking,29295b2c-ebe8-4dfe-9cd3-c3a5806b810b,Zerihun Senbeto,5,good for mb appliciation,2025-10-21 14:22:18.408000+00:00,0,good for mb appliciation,en
BOA,com.boa.boaMobileBanking,c9162816-c2cd-478c-ab34-9569f63d3711,Henok,1,the worst bank ever. slow don't accept dual sim. they are very stupid and greedy,2025-10-20 14:36:14.601000+00:00,0,the worst bank ever. slow don't accept dual sim. they are very stupid and greedy,en
BOA,com.boa.boaMobileBanking,1776b9e9-95d8-4811-bb94-61d28a7c19d1,Abduselam Mustefa,4,try to easy network,2025-10-17 12:56:04.733000+00:00,0,try to easy network,en
BOA,com.boa.boaMobileBanking,6725eae9-b141-4a7c-abcd-90125d0fa3bd,Twaf Tech,2,"The app is not suitable and lacks a good UI design. As a large bank, you must update your app with a professional UI that is fast and appropriate.",2025-10-16 08:53:31.793000+00:00,0,"The app is not suitable and lacks a good UI design. As a large bank, you must update your app with a professional UI that is fast and appropriate.",en
BOA,com.boa.boaMobileBanking,cdc789cd-c2e6-415e-906f-0bde3fa850b1,Gatluak Yiey Mayom,5,an exceptional banking app.,2025-10-16 06:51:09.327000+00:00,0,an exceptional banking app.,en
BOA,com.boa.boaMobileBanking,32133348-ecd7-47e0-9e98-7f1702419599,Daniel Kassa,5,Best of best,2025-10-09 06:31:41.270000+00:00,0,Best of best,en
BOA,com.boa.boaMobileBanking,68b7a597-8133-4584-9c3f-1e26fa21184e,WASIHUN GETU,1,from the last week updates the app is not working Please check the problems,2025-10-08 17:21:32.988000+00:00,0,from the last week updates the app is not working Please check the problems,en
BOA,com.boa.boaMobileBanking,546df11c-e603-4f04-963e-ae1cd2be9561,Fuad Art,1,It's always crushing,2025-10-08 07:28:55.950000+00:00,0,It's always crushing,en
BOA,com.boa.boaMobileBanking,147dc910-f84e-4950-9cd0-a6ce1ca0b070,Daniel Bekele,4,office branches have to improve their services please,2025-10-07 04:22:58.570000+00:00,0,office branches have to improve their services please,en
BOA,com.boa.boaMobileBanking,7345b274-906c-4bfc-b37d-8131020ad13e,Amlakendalew Dubale,1,Why does it keep crashing? I can't even use this. BOA should do better. You have many customers and how to deal with this. I can't send money now.,2025-10-05 16:04:02.589000+00:00,5,Why does it keep crashing? I can't even use this. BOA should do better. You have many customers and how to deal with this. I can't send money now.,en
BOA,com.boa.boaMobileBanking,4587385c-78c9-4310-b8aa-da0bce565a91,yihenew mulat,5,it needs a timely update,2025-10-03 06:39:36.113000+00:00,0,it needs a timely update,en
BOA,com.boa.boaMobileBanking,1310296e-3850-494f-83bc-936ea27684ab,Yonas amare,3,"It does not show the name of the person who sent the money to request a receipt. This has become very difficult for us. When different people transfer the same amount to me from different banks, it is very difficult to identify the account or the name of the sender.",2025-10-01 19:45:17.270000+00:00,66,"It does not show the name of the person who sent the money to request a receipt. This has become very difficult for us. When different people transfer the same amount to me from different banks, it is very difficult to identify the account or the name of the sender.",en
BOA,com.boa.boaMobileBanking,baad5c11-63e6-4b64-9006-c4cb1481036d,Alemayehu Fentie,1,I can't type my otp on it.,2025-10-01 15:42:50.250000+00:00,0,I can't type my otp on it.,en
BOA,com.boa.boaMobileBanking,7481b511-72a1-4592-8087-c029fc656e67,Nat T,1,"most of bank apps in Ethiopia are linked with ethiopian phone number, I live in US permanently so when I open BoA account, I told them where I live and to link it with email address instead of phone # as ethio phone number is not working where I live, unfortunetly my fear appeared and now when I change my phone device, it send the code to the ethio number which is not with me now. so please when u develop bank apps consider the diaspora community to use ur apps",2025-10-01 12:30:39.928000+00:00,0,"most of bank apps in Ethiopia are linked with ethiopian phone number, I live in US permanently so when I open BoA account, I told them where I live and to link it with email address instead of phone # as ethio phone number is not working where I live, unfortunetly my fear appeared and now when I change my phone device, it send the code to the ethio number which is not with me now. so please when u develop bank apps consider the diaspora community to use ur apps",en
BOA,com.boa.boaMobileBanking,b768c25c-bc3a-4d57-8c45-97e489546662,Tsegie Shewarged,5,I love this bank the best experience ever.,2025-09-28 01:17:38.640000+00:00,7,I love this bank the best experience ever.,en
BOA,com.boa.boaMobileBanking,c90fb60a-ea63-47f0-aa65-fcb41b6534e1,nathan esayas,1,"Nothing has been improved, it doesn't work like the previous version.",2025-09-25 17:41:02.337000+00:00,3,"Nothing has been improved, it doesn't work like the previous version.",en
BOA,com.boa.boaMobileBanking,82e245b0-2790-45ce-a1a3-1aa9a0afaa95,Tadele Baye,5,easy and fast,2025-09-24 01:20:04.374000+00:00,0,easy and fast,en
BOA,com.boa.boaMobileBanking,d849294b-9d5d-4026-96ec-6dd20968fa57,Abduh “‫عبده‬‎” Awol,5,Great,2025-09-20 14:06:09.892000+00:00,0,Great,en
BOA,com.boa.boaMobileBanking,a05681a9-b69a-48b6-92c5-79a7d916bd61,Amir Ahmed,1,"need alot of connection, chooses device, very lug even when there is connection",2025-09-17 10:50:17.270000+00:00,0,"need alot of connection, chooses device, very lug even when there is connection",en
BOA,com.boa.boaMobileBanking,7cedd008-b817-442b-9da0-76ea15713450,Osman Ismail,1,On my ios it's perfect but on android it barley works and don't transfer and after a while it crushed and totally stopped working. Please fix the issue my beloved bank of abyssinia.,2025-09-15 14:16:36.440000+00:00,181,On my ios it's perfect but on android it barley works and don't transfer and after a while it crushed and totally stopped working. Please fix the issue my beloved bank of abyssinia.,en
BOA,com.boa.boaMobileBanking,14d8c41d-2533-40c1-97f2-7df99a3d3a44,Kirubel solomon (pablo),2,since the last update i can open the app crashes a lot and omg its being very slow opening and loading,2025-09-15 14:14:20.444000+00:00,0,since the last update i can open the app crashes a lot and omg its being very slow opening and loading,en
BOA,com.boa.boaMobileBanking,4bf673d6-7d6f-431c-8844-a6c7eb4c65d3,dula tamiru,5,very good app i ever used,2025-09-12 05:25:40.693000+00:00,0,very good app i ever used,en
BOA,com.boa.boaMobileBanking,dfad5025-20f7-4556-bdaf-294785947fa3,Astec Phonetastic,4,its nice app especially the transaction limit is extended but We face that BoA m.banking app doesn't respond at the activation stage strictly at SMSNG mobile phone. please try this to make safe.,2025-09-11 16:48:42.299000+00:00,12,its nice app especially the transaction limit is extended but We face that BoA m.banking app doesn't respond at the activation stage strictly at SMSNG mobile phone. please try this to make safe.,en
BOA,com.boa.boaMobileBanking,a56b1202-a6db-405b-aba1-586a16bc417d,Alayu,5,please open my mobile app,2025-09-10 12:43:30.256000+00:00,0,please open my mobile app,en
BOA,com.boa.boaMobileBanking,dc3c97a2-0fe6-4a49-a2d3-9cc949380a0d,Fitsume Tebarek,5,Best banking transaction application in Ethiopia !,2025-09-05 14:24:28.723000+00:00,0,Best banking transaction application in Ethiopia !,en
BOA,com.boa.boaMobileBanking,3e8a43b7-e4a5-4ba0-850e-332a7dad3a24,Miki ele,1,has issue after installation and i think it doesn't work with tecno common 30,2025-08-26 12:05:33.848000+00:00,0,has issue after installation and i think it doesn't work with tecno common 30,en
BOA,com.boa.boaMobileBanking,abb3b6f4-ed3d-4013-b997-0efb664037a5,Dr. Yasin Mohammed ALI,5,One of the best in this business,2025-08-25 13:34:55.589000+00:00,0,One of the best in this business,en
BOA,com.boa.boaMobileBanking,ec30627f-c9a0-48f6-8fd2-38fcae3ab112,Aman uzmaki,4,"as bank, u should at least hire someone good at their job bc this a joke nowadays I can't even log in or even transfer without it crashing if u fix the app I will update this review I am counting on u boa update: so they atleast fixed it but as suggestion can u put password when in final step of sending money it will feel more secure that way",2025-08-17 03:44:58.708000+00:00,8,"as bank, u should at least hire someone good at their job bc this a joke nowadays I can't even log in or even transfer without it crashing if u fix the app I will update this review I am counting on u boa update: so they atleast fixed it but as suggestion can u put password when in final step of sending money it will feel more secure that way",en
BOA,com.boa.boaMobileBanking,656865bb-7ee3-4fef-9f23-b6728b2b6ab9,Yesuf Seid,5,very nice mobile banking app my favourite,2025-08-16 10:58:54.401000+00:00,0,very nice mobile banking app my favourite,en
BOA,com.boa.boaMobileBanking,ac500ef1-8d40-4c19-b862-c5f47b165e97,BIG MOUNT D ll (B.M.D.ll),1,"it almost never boots up!!! and even if it did, it crashes immediately",2025-08-15 11:12:02.323000+00:00,1,"it almost never boots up!!! and even if it did, it crashes immediately",en
BOA,com.boa.boaMobileBanking,cd3d7bda-43cf-46f8-bd12-065f026e2ba2,Samuel Almahy,1,the worst app ever to exist in a bank history,2025-08-15 08:08:29.574000+00:00,0,the worst app ever to exist in a bank history,en
BOA,com.boa.boaMobileBanking,17d27fe8-201d-465e-900c-4510058bd581,Debele Misgana,5,thank you,2025-08-14 04:41:49.615000+00:00,0,thank you,en
BOA,com.boa.boaMobileBanking,161dbde7-f447-412e-abf3-8ae5e7ba5012,Chaltu Habte,5,Best mobile app in the country,2025-08-14 04:04:30.869000+00:00,0,Best mobile app in the country,en
BOA,com.boa.boaMobileBanking,17fac6e4-55d0-48dc-8fd1-e3908c6e6689,Gacro gacro,2,not fast,2025-08-12 15:29:21.995000+00:00,0,not fast,en
BOA,com.boa.boaMobileBanking,bffe6663-e88f-4a08-97bc-e6ea6b2d8227,BESUFEKAD ROBEL,1,keeps freezing at the front page.,2025-08-10 14:35:29.126000+00:00,0,keeps freezing at the front page.,en
BOA,com.boa.boaMobileBanking,6dd324c1-79ef-4935-9c87-ad0fd8fd1635,yusfo 1,1,it is not working on redminote 11 pro+ pls fix it,2025-08-08 04:03:06.441000+00:00,1,it is not working on redminote 11 pro+ pls fix it,en
BOA,com.boa.boaMobileBanking,e6ec7d3b-beb3-40ac-a615-9a0bae85e39d,wasil jemal,5,yes goode app,2025-08-03 20:19:34.466000+00:00,0,yes goode app,en
BOA,com.boa.boaMobileBanking,b54ed906-d409-4107-9dba-3d91d4c04274,Abdu Al-Ahwal,5,Great App,2025-08-02 18:34:23.353000+00:00,0,Great App,en
BOA,com.boa.boaMobileBanking,a7eb5cbd-790a-4537-8278-ccaef158654b,Møti,1,1) Crashes repeatedly 2) Takes Century to Boot 3) Repeatedly requires Update which is very annoying. 4) It doesn't ask for Password for one step confirmation when transferring money. 5) Automatically stops music when the app is launched (it doesn't really matter just fyi) Overall this have to be the worst mobile banking app I have tried so far and should not be released with all these bugs & issues.,2025-08-02 13:36:41.126000+00:00,133,1) Crashes repeatedly 2) Takes Century to Boot 3) Repeatedly requires Update which is very annoying. 4) It doesn't ask for Password for one step confirmation when transferring money. 5) Automatically stops music when the app is launched (it doesn't really matter just fyi) Overall this have to be the worst mobile banking app I have tried so far and should not be released with all these bugs & issues.,en
BOA,com.boa.boaMobileBanking,6df74cd0-b58b-472e-99f8-e437e64d98f3,soja,1,The Worst Mobile Banking App.,2025-07-31 05:17:18.986000+00:00,1,The Worst Mobile Banking App.,en
BOA,com.boa.boaMobileBanking,207adaf3-2705-486b-846e-1f95c4d7f049,Petros Misganaw,5,best bank in ethiopia,2025-07-29 16:00:02.806000+00:00,1,best bank in ethiopia,en
BOA,com.boa.boaMobileBanking,5e5817ce-8960-4e99-9bae-3e9059357303,Abadi mikiyas Etenesh zenebech,2,please is not working,2025-07-27 17:25:36.608000+00:00,0,please is not working,en
BOA,com.boa.boaMobileBanking,b27ee212-10ec-499b-b36d-ff667d7b7085,Kalid Abdulkadir,5,nothing when I need to install the Apk it say that re-up date,2025-07-25 06:42:43.394000+00:00,0,nothing when I need to install the Apk it say that re-up date,en
BOA,com.boa.boaMobileBanking,94e809fb-94f8-4e0a-b3e8-1c4113c19f77,Richard Mengistab,5,I can log in from any where,2025-07-23 00:05:42.428000+00:00,0,I can log in from any where,en
BOA,com.boa.boaMobileBanking,fc29df1f-0c69-40d6-a240-5b4e88ad84ae,Fana,5,Great BoA,2025-07-14 13:12:11.140000+00:00,0,Great BoA,en
BOA,com.boa.boaMobileBanking,fe2fcc2e-a065-4210-a48b-4ea4e93f383e,Bemnet Teshome,2,This App is Getting worse and worse with every update,2025-07-11 10:03:44.808000+00:00,1,This App is Getting worse and worse with every update,en
BOA,com.boa.boaMobileBanking,285a819d-f45f-4f6f-a280-23588282f8b0,Minayehu,5,awasome app go a head,2025-07-04 05:18:24.160000+00:00,0,awasome app go a head,en
BOA,com.boa.boaMobileBanking,5caae1bf-1a44-4370-8c45-19b8c0481d65,Elvis Rukerandanga,1,it sucks as hell. it crashes most of the time and takes a long time to load .,2025-07-03 00:31:08.964000+00:00,3,it sucks as hell. it crashes most of the time and takes a long time to load .,en
BOA,com.boa.boaMobileBanking,95520951-566d-4ddb-bf19-a9ecf5b6e35a,Iron Lady,3,"The App is nice and easy to use but after some time it crushed and said ""Error check your device connectivity"" please fix it",2025-07-02 17:59:16.173000+00:00,25,"The App is nice and easy to use but after some time it crushed and said ""Error check your device connectivity"" please fix it",en
BOA,com.boa.boaMobileBanking,d713bd24-8fc6-48e4-ad53-aeafeda8babc,Hadush Berhe,5,Easy and very nice app to load more than the previouse but in recent time some loading problem detected.,2025-07-01 13:08:48.300000+00:00,188,Easy and very nice app to load more than the previouse but in recent time some loading problem detected.,en
BOA,com.boa.boaMobileBanking,7213dbd5-f192-45fd-96d1-3fc1db24759c,Natnail Getachew,1,"The worst MBA I have experienced, The app crush frequently and they take to long to fix the problem even more than a week.",2025-06-27 06:30:30.196000+00:00,6,"The worst MBA I have experienced, The app crush frequently and they take to long to fix the problem even more than a week.",en
BOA,com.boa.boaMobileBanking,84ef704f-9293-4fcb-a0fc-8a8dafd2d9ed,Habtamu Tenahun,5,good App fore me,2025-06-25 12:12:00.498000+00:00,0,good App fore me,en
BOA,com.boa.boaMobileBanking,8b9c0316-a505-4e36-b2c3-844d7b9d209d,Mu Kee,1,"very uninterested it's not working when the ""developer mode on"" i haven't off the developer options i preferred to uninstall your app .....",2025-06-24 09:27:26.917000+00:00,4,"very uninterested it's not working when the ""developer mode on"" i haven't off the developer options i preferred to uninstall your app .....",en
BOA,com.boa.boaMobileBanking,f8b0d764-37b1-475e-bcda-03bd153eb20b,Rahel Tadessr,5,it's nice to use.,2025-06-21 06:34:30.885000+00:00,0,it's nice to use.,en
BOA,com.boa.boaMobileBanking,effbeeb2-b89d-43e6-96b0-8e1a78c1175a,zelalem fisha,1,its very bad app its very slow,2025-06-17 08:08:55.182000+00:00,0,its very bad app its very slow,en
BOA,com.boa.boaMobileBanking,45d80ec5-3db4-4b45-af64-095a9fd0c355,SELAM MESGANAW,5,best financial app.,2025-06-12 06:53:43.247000+00:00,1,best financial app.,en
BOA,com.boa.boaMobileBanking,6ec1267b-af3c-4d2b-8715-181e7f4c6282,Amistad Civil,1,the worst app humans ever created,2025-06-09 13:27:28.656000+00:00,0,the worst app humans ever created,en
BOA,com.boa.boaMobileBanking,3559b91c-fad9-4032-bebe-cf99974b9628,Robel Alebachew,1,"Hello, I’m facing a problem with the BOA Mobile app. Every time I enter my phone number and password, the app crashes and shows an error that says “BoaMobile closed because this app has a bug.” I tried updating, reinstalling, and clearing cache, but nothing worked. Please fix this bug in the next update. I really need access to my account. Thank you.",2025-06-03 13:21:34.292000+00:00,25,"Hello, I’m facing a problem with the BOA Mobile app. Every time I enter my phone number and password, the app crashes and shows an error that says “BoaMobile closed because this app has a bug.” I tried updating, reinstalling, and clearing cache, but nothing worked. Please fix this bug in the next update. I really need access to my account. Thank you.",en
BOA,com.boa.boaMobileBanking,2ca9480b-ff5f-4b59-952c-5921db83dab2,Ahadu tech,1,this is worest app 24/7 loading,2025-06-01 12:51:10.494000+00:00,0,this is worest app 24/7 loading,en
BOA,com.boa.boaMobileBanking,d9172c66-a605-4626-acc6-e1dbca0685cd,Mansour Abdulkadir,5,BoA system is confartable,2025-05-31 21:47:32.899000+00:00,0,BoA system is confartable,en
BOA,com.boa.boaMobileBanking,c3f2810d-cf99-4600-90ac-bef47adb9e7a,Ethiopia,1,"this app, for me , is a waste of time. It doesn't work . I can't even long in, and it really piss me off. FIX THE PROBLEM",2025-05-27 18:16:27.773000+00:00,0,"this app, for me , is a waste of time. It doesn't work . I can't even long in, and it really piss me off. FIX THE PROBLEM",en
BOA,com.boa.boaMobileBanking,512f8c2b-8fac-41cc-978a-b58e39a1ea5c,Gizachew Tesfahun,3,Good service.,2025-05-25 16:14:52.532000+00:00,0,Good service.,en
BOA,com.boa.boaMobileBanking,76089146-b1c7-47f4-ab9f-44b6a1092225,Tewodros Regasa,1,the app crush frequently,2025-05-24 09:24:56.184000+00:00,0,the app crush frequently,en
BOA,com.boa.boaMobileBanking,2e219268-96fd-400c-8632-0b0d1044f487,Natty Solomon,1,"This app is a joke. It crashes more than it works, takes forever to load, and half the features are just decorative at this point. Can’t log in, can’t transfer money, can’t even check my balance without it bugging out. To the developer: Are you actually trying to make this work, or is this some kind of social experiment to test our patience? Did you build this in your sleep? Because it definitely looks like it. If this is your idea of a functional app, maybe consider a different career path🙏",2025-05-21 10:49:15.981000+00:00,247,"This app is a joke. It crashes more than it works, takes forever to load, and half the features are just decorative at this point. Can’t log in, can’t transfer money, can’t even check my balance without it bugging out. To the developer: Are you actually trying to make this work, or is this some kind of social experiment to test our patience? Did you build this in your sleep? Because it definitely looks like it. If this is your idea of a functional app, maybe consider a different career path🙏",en
BOA,com.boa.boaMobileBanking,86456197-428d-45e1-9c00-8dd85dcbb9e9,Deginet Zeleke E,2,BoA,2025-05-20 12:21:55.389000+00:00,0,BoA,en
BOA,com.boa.boaMobileBanking,8ddf5c9f-f866-4817-ac5e-85c67bfa870e,Usu Elemo,4,but not opening on android,2025-05-19 14:19:32.980000+00:00,0,but not opening on android,en
BOA,com.boa.boaMobileBanking,f8bb86fb-594a-48ea-be1f-d08ea0882b8e,Dagar,1,Worst App ever. Totally unreliable. And it didn't work at all for the last 4 months.,2025-05-18 12:36:47.943000+00:00,12,Worst App ever. Totally unreliable. And it didn't work at all for the last 4 months.,en
BOA,com.boa.boaMobileBanking,b640cc87-df88-4b6b-9b9f-13fe0bdd5dfa,fire biru,1,"this app does no work on Samsung a51, it just gives a preview of the logo",2025-05-11 16:07:08.417000+00:00,0,"this app does no work on Samsung a51, it just gives a preview of the logo",en
BOA,com.boa.boaMobileBanking,301f6927-9395-4cda-bb77-041a36323875,bogale abunu,5,"i entered incorrect security question by mistake boa app lock pin forever, why is there no other options? ?? i contacted different branchs more then 4times but they didn't able to solve this issue .",2025-05-10 09:44:44.390000+00:00,355,"i entered incorrect security question by mistake boa app lock pin forever, why is there no other options? ?? i contacted different branchs more then 4times but they didn't able to solve this issue .",en
BOA,com.boa.boaMobileBanking,857bb685-6f7e-4db0-af37-eb2f1c1c6fd3,Abdu berHanu,5,liking this application good 👍,2025-05-07 15:34:10.931000+00:00,0,liking this application good 👍,en
CBE,com.combanketh.mobilebanking,0e6abc62-fd01-4fce-b430-c2c0c9ec922f,Butterfly Drops,5,its a goos app,2025-12-12 09:04:31.894000+00:00,0,its a goos app,en
CBE,com.combanketh.mobilebanking,7986600e-f067-4639-b660-d41c9bbb6f9f,Kankoo Dannoo,5,Super-easy to use,2025-12-12 08:34:24.832000+00:00,0,Super-easy to use,en
CBE,com.combanketh.mobilebanking,7ce53652-e205-4421-9fb4-36864ff34060,Yinebeb Adera,4,"It's great app but Please add(included) water bill payment,cash withdrawal on ATM--|?",2025-12-12 08:05:04.199000+00:00,1,"It's great app but Please add(included) water bill payment,cash withdrawal on ATM--|?",en
CBE,com.combanketh.mobilebanking,e725cc66-be2d-4a8c-9c78-1fba4f2960d2,Lil Kasto,1,its good but there are many problems are in this app,2025-12-12 07:46:30.366000+00:00,0,its good but there are many problems are in this app,en
CBE,com.combanketh.mobilebanking,021c1515-7dbc-4c0e-a059-01d0ec80760b,Getch Getch,5,Nice Ethiopian App.,2025-12-12 07:40:01.213000+00:00,0,Nice Ethiopian App.,en
CBE,com.combanketh.mobilebanking,f7fa7fde-29f2-497e-8986-78f6fee5df83,Bereket Bobeto,1,I appreciate cbe application but it some time busy to work i think update required thanks,2025-12-12 03:04:52.756000+00:00,0,I appreciate cbe application but it some time busy to work i think update required thanks,en
CBE,com.combanketh.mobilebanking,469ff9b2-53de-4ab3-97f3-e121edd3ad2a,ORO F 11,5,this is amazing Apps contentious developer to feature,2025-12-11 20:58:27.167000+00:00,0,this is amazing Apps contentious developer to feature,en
CBE,com.combanketh.mobilebanking,ee259291-94ec-4573-9a9c-ff0d29c3b1ff,sami bedi,5,good app,2025-12-11 17:24:51.427000+00:00,0,good app,en
CBE,com.combanketh.mobilebanking,1831c4b5-688e-4e3a-a11c-12cb0477b5d5,yared muluken,5,Good app,2025-12-11 13:19:47.864000+00:00,0,Good app,en
CBE,com.combanketh.mobilebanking,a37973a6-1494-49e7-8978-b5e335de1c12,Dawit Tekle,5,"great,but you didn't work on cbebirr",2025-12-11 13:15:45.629000+00:00,0,"great,but you didn't work on cbebirr",en
CBE,com.combanketh.mobilebanking,04975cd5-31d4-4a12-923b-e999408ea2fc,Sebit Koang Deng,5,the CBE App has been serving an Ethiopian helpfully thank you team 🙏,2025-12-11 12:46:11.744000+00:00,0,the CBE App has been serving an Ethiopian helpfully thank you team 🙏,en
CBE,com.combanketh.mobilebanking,2757ae6d-b9bd-4a92-8f39-0438c6d9e2bc,Abebe Nega,3,Good application,2025-12-11 08:33:18.618000+00:00,0,Good application,en
CBE,com.combanketh.mobilebanking,1dd94d3f-5596-4120-8bcc-02f781e1b965,N K,4,good service until now,2025-12-11 05:59:39.830000+00:00,0,good service until now,en
CBE,com.combanketh.mobilebanking,9857d8fd-1f27-4d25-ab33-9871d25efa70,Kumana Abebe,5,"USSD is difficult when no system, but this app is #1",2025-12-11 05:49:41.432000+00:00,0,"USSD is difficult when no system, but this app is #1",en
CBE,com.combanketh.mobilebanking,b81a68f8-26f7-4cfe-bd5b-f0b7c19ae75b,Ayalew Cherinet,5,please be alert on website to have your emloyees be knowledgable in the field they are assigned since partners are victim to the challenge of benefits they are hired to do,2025-12-10 17:56:31.121000+00:00,0,please be alert on website to have your emloyees be knowledgable in the field they are assigned since partners are victim to the challenge of benefits they are hired to do,en
CBE,com.combanketh.mobilebanking,39b27a45-f895-4849-80f2-54778497bed3,Anteneh Anberbir,5,app crush after update,2025-12-10 17:45:38.389000+00:00,0,app crush after update,en
CBE,com.combanketh.mobilebanking,3dc9c1ef-19d5-424a-807e-12de03c616e7,Ifa Geda,5,"‎CBE mobile banking app is truly impressive. It is fast, reliable, and very convenient for daily financial activities. The user-friendly interface makes transactions simple, and the security features give customers full confidence while banking digitally. The continuous improvements show that CBE Bank is committed to providing modern and efficient digital banking services for all customers.",2025-12-10 17:15:26.819000+00:00,0,"‎CBE mobile banking app is truly impressive. It is fast, reliable, and very convenient for daily financial activities. The user-friendly interface makes transactions simple, and the security features give customers full confidence while banking digitally. The continuous improvements show that CBE Bank is committed to providing modern and efficient digital banking services for all customers.",en
CBE,com.combanketh.mobilebanking,22a13151-432d-438b-aae7-5dd9325cd213,TOLERA GIRMA LETA,1,What CBE is doing with its service charges is really unfair. You keep making customers pay high fees even though the service you provide is not satisfying. It doesn’t make sense to demand such a large amount of money for very small or simple transactions. Please review this policy and stop charging customers so much for basic services.,2025-12-10 13:37:38.638000+00:00,0,What CBE is doing with its service charges is really unfair. You keep making customers pay high fees even though the service you provide is not satisfying. It doesn’t make sense to demand such a large amount of money for very small or simple transactions. Please review this policy and stop charging customers so much for basic services.,en
CBE,com.combanketh.mobilebanking,e044bb77-4f61-4fe0-b3b0-4da5cd9125e6,Mohammed Ebrahim,5,it is best for me,2025-12-10 07:05:18.591000+00:00,0,it is best for me,en
CBE,com.combanketh.mobilebanking,41a382b6-dd16-4f2d-8f21-46598beab555,besye bese,5,it's really good 💯😊,2025-12-10 02:49:29.251000+00:00,0,it's really good 💯😊,en
CBE,com.combanketh.mobilebanking,9575bdf1-bcb0-4bf4-8058-ef1218aea6c6,Abdu Rahman,5,i want to open file please update,2025-12-09 19:12:29.291000+00:00,0,i want to open file please update,en
CBE,com.combanketh.mobilebanking,0cd237f4-19c0-4aec-a7ae-a5249ef238e0,Yitayew Fekadu,5,it is easy to use and more secure than ever,2025-12-09 15:51:08.284000+00:00,0,it is easy to use and more secure than ever,en
CBE,com.combanketh.mobilebanking,606c1ab0-118f-4a9f-9c48-44b4334bd71d,wubishet hailu,5,very best and amazing app,2025-12-08 13:49:53.600000+00:00,0,very best and amazing app,en
CBE,com.combanketh.mobilebanking,c216f8d5-1f83-4bfa-aa20-97ee69a6c5f1,Khalid Hassan Mohamed,5,"After I started using this app I stopped visiting CBE regularly, I just used everything from home.",2025-12-08 08:43:53.724000+00:00,0,"After I started using this app I stopped visiting CBE regularly, I just used everything from home.",en
CBE,com.combanketh.mobilebanking,5e829d04-b46a-4071-b828-5a9929ebabbb,GEMECHU Abdo,5,very nice application,2025-12-08 02:51:28.901000+00:00,0,very nice application,en
CBE,com.combanketh.mobilebanking,90741d2d-127e-4356-8743-95df6adb56f7,Maya Loza,5,Nice bank in African,2025-12-07 17:09:00.526000+00:00,0,Nice bank in African,en
CBE,com.combanketh.mobilebanking,56a83700-8384-4b75-a186-4df4bf121295,Kidus zenebe Pesko,2,it does not work properly as u want 😡🤬,2025-12-07 10:59:48.810000+00:00,0,it does not work properly as u want 😡🤬,en
CBE,com.combanketh.mobilebanking,d8bf2f4a-feba-4294-a803-c0443609a4ef,Redwan Seid,5,Amazing transaction app in Ethiopia.,2025-12-06 15:27:25.338000+00:00,0,Amazing transaction app in Ethiopia.,en
CBE,com.combanketh.mobilebanking,b300b1fb-9c9d-4705-b41c-9326053ba508,Abraham Tekalign,5,wow very very nice app. seve,2025-12-06 03:51:17.933000+00:00,0,wow very very nice app. seve,en
CBE,com.combanketh.mobilebanking,aa9b5f43-ea9b-46e6-991f-12de97630c25,Amanuel Bekalu,5,so nice app and I like it.,2025-12-04 09:32:25.774000+00:00,0,so nice app and I like it.,en
CBE,com.combanketh.mobilebanking,e6f6d2a3-c7a6-48d6-8dd7-072f28a1a0dd,Ararsa Banti Mangasha,5,I really love this application.,2025-12-03 17:39:32.330000+00:00,0,I really love this application.,en
CBE,com.combanketh.mobilebanking,45af86c8-4fff-42e7-afd5-09bbc74aa00f,Shikur Gashaw,5,"hi team, i can't screenshot after i transferred please solve this problem, thanks 🙏",2025-12-02 21:22:16.557000+00:00,0,"hi team, i can't screenshot after i transferred please solve this problem, thanks 🙏",en
CBE,com.combanketh.mobilebanking,9953a9ff-21ff-4042-8d25-9e6c58a24dc9,Mammad Mammad,5,thank you,2025-12-01 15:51:19.959000+00:00,0,thank you,en
CBE,com.combanketh.mobilebanking,e5570b8d-33a9-475b-8e5a-a2d93bbc7d4a,Seyefemekhel Solomon,5,very good app,2025-12-01 13:11:03.407000+00:00,0,very good app,en
CBE,com.combanketh.mobilebanking,70f504ff-daed-40d9-9c89-cc49a95ef659,Abde Semed,5,it's special for me,2025-11-29 12:54:14.792000+00:00,0,it's special for me,en
CBE,com.combanketh.mobilebanking,ee0dbb0e-4eb0-47b5-9874-c37877493f99,Betelhem Kebede,5,good app,2025-11-28 08:33:17.836000+00:00,0,good app,en
CBE,com.combanketh.mobilebanking,bcb34681-1dd4-4781-b400-4393bb10b1d9,Yohannesb Adugna,1,why didn't work this app?,2025-11-27 19:40:35.649000+00:00,0,why didn't work this app?,en
CBE,com.combanketh.mobilebanking,c69f051a-00f8-4144-8423-b7ebcd328d2d,Mohammed Abrahim,5,The app makes our life easier. Thank you CBE!,2025-11-27 15:00:06.769000+00:00,0,The app makes our life easier. Thank you CBE!,en
CBE,com.combanketh.mobilebanking,d2995fb9-63c6-4bfc-8d3c-93a0ee9dba8f,Sulxaan Huseen,1,this app very bad 👎,2025-11-27 13:28:10.910000+00:00,0,this app very bad 👎,en
CBE,com.combanketh.mobilebanking,f8002d06-b5c5-4ed1-9d51-a9a379304cf8,Sayid Ahmad,5,the most advanced app. but how to stay safe?,2025-11-27 07:03:41.300000+00:00,1,the most advanced app. but how to stay safe?,en
CBE,com.combanketh.mobilebanking,81000db5-aa51-467e-826c-fc96160e96a8,Hiwot Gebrie,4,Good application,2025-11-27 05:59:12.580000+00:00,0,Good application,en
CBE,com.combanketh.mobilebanking,3d88a334-958c-4717-9f97-c5d46359e054,samson getachew,5,It is nice app,2025-11-26 09:03:18.540000+00:00,1,It is nice app,en
CBE,com.combanketh.mobilebanking,fd178fb7-7026-4d02-98a0-5c86c3bd56f5,Nuredin Adem,1,"it suddenly asked me to enter the verification key I received. and it (*get your verification key from the nearest CBE Branch*) Now I'm in Australia, what do you expect me to do???! There is no nearest or furthermost cbe Branch!! SO FRUSTRATING! How can I manage my bank account now????",2025-11-25 14:14:22.447000+00:00,0,"it suddenly asked me to enter the verification key I received. and it (*get your verification key from the nearest CBE Branch*) Now I'm in Australia, what do you expect me to do???! There is no nearest or furthermost cbe Branch!! SO FRUSTRATING! How can I manage my bank account now????",en
CBE,com.combanketh.mobilebanking,3a75b79a-002f-4fc2-b6f0-dd8d187e8663,Abdirizakmoalin Shiine,5,thanks blc this app help me to use all time,2025-11-24 11:36:07.866000+00:00,0,thanks blc this app help me to use all time,en
CBE,com.combanketh.mobilebanking,f2f0cff2-6181-4a3a-926f-5b3491ca4cf8,CodeCrafter,1,why we can't send money to other people telebirr wallets??,2025-11-24 05:44:51.577000+00:00,0,why we can't send money to other people telebirr wallets??,en
CBE,com.combanketh.mobilebanking,8d4577a0-0e73-4113-9479-5764db25dcb7,Anwar Ibrahim,1,you are the reason why i got ye chogara himem,2025-11-22 10:33:11.912000+00:00,0,you are the reason why i got ye chogara himem,en
CBE,com.combanketh.mobilebanking,f077c10c-a958-4812-a779-1077c52fbf45,MAREGU DEACON,5,it is so smart app i recommend it for everyone,2025-11-22 08:51:00.173000+00:00,0,it is so smart app i recommend it for everyone,en
CBE,com.combanketh.mobilebanking,83111490-271d-4491-9b82-8d8ddf3afb26,Ilove Somali,5,absolutely right,2025-11-21 15:45:37.211000+00:00,0,absolutely right,en
CBE,com.combanketh.mobilebanking,f2bad133-c6ea-4fd5-bc97-1e3fbba1c2c9,Awol Moh,5,good app,2025-11-21 15:07:17.273000+00:00,0,good app,en
CBE,com.combanketh.mobilebanking,6e1b6127-57b8-44a9-ab08-cdf7e0782c7d,Black “Thunder”,3,mid application it's so annoying,2025-11-20 15:58:06.724000+00:00,1,mid application it's so annoying,en
CBE,com.combanketh.mobilebanking,d4184dff-ee60-4895-846f-13872d75735a,Damiro Gurmesa,4,I used morethan one year,2025-11-20 14:52:03.773000+00:00,0,I used morethan one year,en
CBE,com.combanketh.mobilebanking,807ff291-9236-45ca-8c37-3028ef08f388,Mahlet Musa,5,no word can explane about this app it is nice 👍👍👍👍👍,2025-11-20 13:15:18.428000+00:00,0,no word can explane about this app it is nice 👍👍👍👍👍,en
CBE,com.combanketh.mobilebanking,afc51143-03ed-4129-b47b-fd1eaad21b07,Kaleb Koyamo,5,"It's great app,I love this app",2025-11-20 08:37:22.502000+00:00,0,"It's great app,I love this app",en
CBE,com.combanketh.mobilebanking,9b9850c0-7914-49c8-a51c-7265775accfe,chuchu besrat,1,not allowing to transfer and showing current statement updates.,2025-11-19 15:51:36.763000+00:00,1,not allowing to transfer and showing current statement updates.,en
CBE,com.combanketh.mobilebanking,9094dfc5-ed8d-4ab9-8605-0f5681a5ee8e,Anawaar Haadii,5,I love you this app,2025-11-19 07:09:34.503000+00:00,0,I love you this app,en
CBE,com.combanketh.mobilebanking,3c30aa12-7f92-49c8-8986-69ed8b81f79f,Ejigu Ukumo,1,"fast and convenient app, thanks for your dedication as a bank to provide good options to your cuatomers.",2025-11-19 05:28:14.558000+00:00,1,"fast and convenient app, thanks for your dedication as a bank to provide good options to your cuatomers.",en
CBE,com.combanketh.mobilebanking,48d2b2a8-40ea-47bc-b524-322d0d7bf7e4,kalkidan lema,5,make life easy,2025-11-19 05:02:38.816000+00:00,0,make life easy,en
CBE,com.combanketh.mobilebanking,b81fb6db-71c3-4009-9324-fe187120823c,Wesenu Ashetu,5,My most optional bank,2025-11-17 15:08:01.681000+00:00,0,My most optional bank,en
CBE,com.combanketh.mobilebanking,9b4043ef-a80d-4e57-bbad-1b2784dc4c45,Tesfaye Tolosa,5,it is fantastic app.,2025-11-16 10:14:03.758000+00:00,0,it is fantastic app.,en
CBE,com.combanketh.mobilebanking,a9d5aab4-636f-4392-8bc6-ccad890de66e,leul asrat,1,"Seriously, what’s going on with this app? The ""Pay to Beneficiary"" option is completely disabled for Android users, yet iOS users get full access without restrictions. Why are Android users being treated like second class customers? It’s the same app, the same service, but clearly not the same experience. This kind of platform bias is unacceptable, either give everyone the same features or be transparent about why you’re limiting functionality. Right now, it just feels unfair and frustrating.",2025-11-15 18:51:01.269000+00:00,17,"Seriously, what’s going on with this app? The ""Pay to Beneficiary"" option is completely disabled for Android users, yet iOS users get full access without restrictions. Why are Android users being treated like second class customers? It’s the same app, the same service, but clearly not the same experience. This kind of platform bias is unacceptable, either give everyone the same features or be transparent about why you’re limiting functionality. Right now, it just feels unfair and frustrating.",en
CBE,com.combanketh.mobilebanking,7bdc58ea-d854-4b9c-9748-642bada48ecd,Menasie Hailu,5,Nice and very useful app i like it!,2025-11-13 10:21:35.161000+00:00,1,Nice and very useful app i like it!,en
CBE,com.combanketh.mobilebanking,34d6492b-f6e7-42ed-851a-348ab215c36a,Addisu Adinew,5,sync problem may 22 2025 but the date stack on may 8 2025 help pls,2025-11-12 11:53:10.185000+00:00,0,sync problem may 22 2025 but the date stack on may 8 2025 help pls,en
CBE,com.combanketh.mobilebanking,b4a45bdc-60cc-4355-92f7-9291f8c59ee5,Eshetu Brihanu,4,cbe is my choice,2025-11-11 14:32:56.901000+00:00,0,cbe is my choice,en
CBE,com.combanketh.mobilebanking,60963970-3671-488b-8810-3b3edaddf571,tesgez,1,I am not able to transfer. The app is not responding,2025-11-11 11:36:29.247000+00:00,0,I am not able to transfer. The app is not responding,en
CBE,com.combanketh.mobilebanking,e9c4773a-03ec-4623-9c97-32370e43cc66,Rahma Sherefedin Kheyreallalh,5,Very convenient App,2025-11-11 05:44:13.686000+00:00,0,Very convenient App,en
CBE,com.combanketh.mobilebanking,5623e102-0f25-4444-96f2-9e4f96e6994b,Saed Mu,5,good app,2025-11-10 18:55:20.853000+00:00,0,good app,en
CBE,com.combanketh.mobilebanking,6e59b9f4-f3f4-4481-8cea-cf0e7d58e220,Jabez Alelign,1,the app constantly glitches and won't stop loading despite having a decent connection and a cleared cache. telebirr is way better,2025-11-10 10:21:30.292000+00:00,3,the app constantly glitches and won't stop loading despite having a decent connection and a cleared cache. telebirr is way better,en
CBE,com.combanketh.mobilebanking,ef00529e-94ab-4df9-a7e0-2bee0d213f49,Nani Tesfaye,1,I can't access it properly I think it needs update,2025-11-10 09:55:40.373000+00:00,0,I can't access it properly I think it needs update,en
CBE,com.combanketh.mobilebanking,f23eb6ac-a9fb-4df1-95c3-9441fb34d0dd,Tilahun Ayele,2,not Refresh,2025-11-10 07:00:09.355000+00:00,0,not Refresh,en
CBE,com.combanketh.mobilebanking,22a15e60-01d4-4c7d-8405-fc4daf00de55,Muhammad Ali,1,your statement is not used as wanted,2025-11-10 04:08:16.539000+00:00,0,your statement is not used as wanted,en
CBE,com.combanketh.mobilebanking,e83b2d32-a305-4408-9c87-40f05b650185,Kei Leo,1,this is absolute trash why because it's not Woking most time the servers are down even though I'm using 4g data Internet they steal not working they use to work with out even data package now it's trash can't even send money,2025-11-09 14:24:52.266000+00:00,2,this is absolute trash why because it's not Woking most time the servers are down even though I'm using 4g data Internet they steal not working they use to work with out even data package now it's trash can't even send money,en
CBE,com.combanketh.mobilebanking,a39b1093-9058-4d1e-a200-7347cb946677,Obsa Abdi,5,good app,2025-11-08 19:20:25.648000+00:00,0,good app,en
CBE,com.combanketh.mobilebanking,3f4797ed-7cfa-494f-b83d-3ac99d0d8416,Lelisa Lata,5,Very nice app,2025-11-08 13:51:07.529000+00:00,0,Very nice app,en
CBE,com.combanketh.mobilebanking,e12a96bf-137e-4fcb-9b10-5933a6b8dedd,Tsega Legesse,4,the app is not functional this week.,2025-11-08 06:47:51.677000+00:00,0,the app is not functional this week.,en
CBE,com.combanketh.mobilebanking,631f58bb-d098-4fe1-8fe5-a3abc2dd6407,Mahamed Arte,5,very updated bank,2025-11-05 21:07:50.186000+00:00,0,very updated bank,en
CBE,com.combanketh.mobilebanking,1851fb0d-c940-4c97-a338-7b1a9a8ef553,Negussie Kebede,5,Numbers 2 and 3 don't write during pin verification.,2025-11-05 18:58:03.609000+00:00,0,Numbers 2 and 3 don't write during pin verification.,en
CBE,com.combanketh.mobilebanking,b6fa2156-34bf-44c3-a426-99521f790a04,Decks Doc,1,"once it is uninstalled, you need to visit a nearby bank. you go there and they ask you to have a new sim card which hasn't been used before. so you should buy a new sim card and you go back to them with a new sim card, when you reach there service provider says authentication pin is not arrive, the system is not working come back tomorrow.",2025-11-05 16:04:20.420000+00:00,2,"once it is uninstalled, you need to visit a nearby bank. you go there and they ask you to have a new sim card which hasn't been used before. so you should buy a new sim card and you go back to them with a new sim card, when you reach there service provider says authentication pin is not arrive, the system is not working come back tomorrow.",en
CBE,com.combanketh.mobilebanking,2446e1d4-37e7-4e7f-b182-bb862c9ac26c,Bula Nemera,5,this app is not working on my phone,2025-11-03 14:59:45.211000+00:00,2,this app is not working on my phone,en
CBE,com.combanketh.mobilebanking,398ac276-dd9c-4eb7-8edb-0ce30a96ab22,Michael “Mike” Girma,3,CBE needs to show transaction fees before the transaction is confirmed and not after. This is a big issue as fees are no longer insignificant.,2025-11-03 08:00:51.383000+00:00,2,CBE needs to show transaction fees before the transaction is confirmed and not after. This is a big issue as fees are no longer insignificant.,en
CBE,com.combanketh.mobilebanking,ee4d489f-04f2-428c-80bf-e795c79582fe,Abdul Omar,1,"After the recent updates, I am unable to download a receipt. I can't see the names of account holders I've previously transacted with. Very important. Please fix it asap.",2025-11-03 07:43:33.781000+00:00,1,"After the recent updates, I am unable to download a receipt. I can't see the names of account holders I've previously transacted with. Very important. Please fix it asap.",en
CBE,com.combanketh.mobilebanking,f4d2d316-2fb6-4e53-b3e0-90ccc05938f5,Ramadan Abduljelil,4,it is a good and clear apps to use,2025-10-31 20:16:33.419000+00:00,0,it is a good and clear apps to use,en
CBE,com.combanketh.mobilebanking,a6910eb7-f2dc-4cdb-badc-65becc5513f1,Marnew Feleke,5,I love this app b/c every option in the app very clear and supportive.,2025-10-30 15:17:03.560000+00:00,3,I love this app b/c every option in the app very clear and supportive.,en
CBE,com.combanketh.mobilebanking,1702ee84-35c4-40fe-9971-9870d47d21f8,Abreham Beyaboss,3,the app is good but their is no dark mode you have to add it,2025-10-29 16:27:20.590000+00:00,0,the app is good but their is no dark mode you have to add it,en
CBE,com.combanketh.mobilebanking,3910dba1-f9d9-4ed9-831f-ed8c179dbfe1,Ermiyas Gedefa,5,good app,2025-10-28 17:51:27.463000+00:00,0,good app,en
CBE,com.combanketh.mobilebanking,e7f8cad9-e352-4406-8ff1-799a8cdee3ef,Milkesa Fekadu,5,strong,2025-10-28 16:48:06.177000+00:00,0,strong,en
CBE,com.combanketh.mobilebanking,8733a99d-1c50-4428-a170-6d4c3b2e18d3,Rahel Teshome,5,good I love it keep it up but if we had a new update that will be fire Soo good,2025-10-27 16:17:26.856000+00:00,0,good I love it keep it up but if we had a new update that will be fire Soo good,en
CBE,com.combanketh.mobilebanking,b228fe65-8247-46e0-9f6f-dfc4d8ca189b,Kebede Meskelu,5,Cbe,2025-10-27 12:56:57.551000+00:00,0,Cbe,en
CBE,com.combanketh.mobilebanking,ef880514-7bf7-4b43-8dd1-0ca8f32d2012,Yoseph Terfa Gembe,5,Active and granted system,2025-10-27 10:06:05.704000+00:00,0,Active and granted system,en
CBE,com.combanketh.mobilebanking,3a4607e5-2215-468f-afd4-75723ef0e40a,ROBEL GIRMA,5,cool 😎,2025-10-26 22:01:39.385000+00:00,0,cool 😎,en
CBE,com.combanketh.mobilebanking,4553e023-8faa-4e78-a30f-8dcdca419ec5,ephrem mengesha,5,the best apps,2025-10-26 16:52:13.510000+00:00,0,the best apps,en
CBE,com.combanketh.mobilebanking,5c031dab-9c2f-4e80-ba06-5e49ae4a9821,Eman Sultan,3,I would like to suggest you improve the time out as it takes the money and doesn't return it back until the next day.,2025-10-25 17:33:25.331000+00:00,0,I would like to suggest you improve the time out as it takes the money and doesn't return it back until the next day.,en
CBE,com.combanketh.mobilebanking,01989925-f978-4d2c-91c6-ebd374cd2a1a,Tsegay Gebregzabher,5,Attractive,2025-10-25 16:23:40.794000+00:00,0,Attractive,en
CBE,com.combanketh.mobilebanking,c5821075-ea3f-4428-ae01-f95e8367dc70,Gilo Omod,4,good app,2025-10-20 13:35:13.667000+00:00,0,good app,en
CBE,com.combanketh.mobilebanking,67398692-d12e-4229-9f88-67f25f1a7336,Abdulhadi Awol,2,"The app has a nice design and useful features like balance check and transfers, but it’s unstable and often fails to connect. It also forces users to turn off Developer Options, which is unnecessary — other banking apps work fine without that. Many people use Developer Mode for normal reasons. Please fix performance issues, remove this restriction, and add biometric login for better security and convenience",2025-10-19 06:00:38.370000+00:00,14,"The app has a nice design and useful features like balance check and transfers, but it’s unstable and often fails to connect. It also forces users to turn off Developer Options, which is unnecessary — other banking apps work fine without that. Many people use Developer Mode for normal reasons. Please fix performance issues, remove this restriction, and add biometric login for better security and convenience",en
CBE,com.combanketh.mobilebanking,3ec71abd-b47c-4863-8964-50e6b4906b18,dinsefa din,4,cbe,2025-10-18 18:26:05.285000+00:00,0,cbe,en
CBE,com.combanketh.mobilebanking,2cc116ae-e341-4066-bfb9-f430f1535601,Yared Tadele,1,"it says ""ti is work any more in your device"" what can i do??",2025-10-18 08:14:14.270000+00:00,0,"it says ""ti is work any more in your device"" what can i do??",en
Dashen,com.dashen.dashensuperapp,29c95ab4-d56c-42a8-8359-0f3bed745374,Sisay Ashine,5,"great app,thanks dashen",2025-12-12 13:28:37.479000+00:00,0,"great app,thanks dashen",en
Dashen,com.dashen.dashensuperapp,dd12f72f-be4d-4310-9e23-843252b26bfd,Dagim Shimelis,5,its good app,2025-12-12 11:17:15.973000+00:00,0,its good app,en
Dashen,com.dashen.dashensuperapp,e05a6c19-66ba-480e-a3a2-a0fe0a7862bc,Behailu Eshetu,4,"The UI/UX appears well-designed, but it has some critical issues that need attention, such as the inability to display full transaction histories and the presence of numerous mini-apps within a single card view, making it difficult to locate individual mini-apps easily.",2025-12-11 15:39:48.788000+00:00,0,"The UI/UX appears well-designed, but it has some critical issues that need attention, such as the inability to display full transaction histories and the presence of numerous mini-apps within a single card view, making it difficult to locate individual mini-apps easily.",en
Dashen,com.dashen.dashensuperapp,43630291-4571-4e34-96d8-1d7ba7d174a9,Getnet Akalewold,5,it is so fantastic and user friendly app. Bravo Dashen bank thanks.,2025-12-09 09:06:40.390000+00:00,2,it is so fantastic and user friendly app. Bravo Dashen bank thanks.,en
Dashen,com.dashen.dashensuperapp,f8c96323-d95d-41d8-b847-44c554559969,Tagetu Tibebu,5,ilike this app,2025-12-07 14:15:07.894000+00:00,0,ilike this app,en
Dashen,com.dashen.dashensuperapp,1b43591f-0fd3-4ee5-b19d-8adba0b8fdc6,Anteneh Wondwosen,2,it was perfect but sending money to telebirr isn't available,2025-12-06 07:11:13.475000+00:00,0,it was perfect but sending money to telebirr isn't available,en
Dashen,com.dashen.dashensuperapp,bf78e7bf-4074-45ee-9e72-200eb99eb496,Micky 11,5,dashen super app easy to use,2025-12-05 09:47:53.136000+00:00,0,dashen super app easy to use,en
Dashen,com.dashen.dashensuperapp,3f2c5f53-6c9f-463a-9625-a4542ad726fb,Musab Kedir,5,Dashen Bank always one step a head,2025-12-05 09:43:00.500000+00:00,0,Dashen Bank always one step a head,en
Dashen,com.dashen.dashensuperapp,67584a76-8540-4894-ad46-c6d4d9f39737,sirrii Abdii,5,why you always say update.,2025-12-04 18:05:02.968000+00:00,0,why you always say update.,en
Dashen,com.dashen.dashensuperapp,ac29588e-8cce-4cd6-805a-c6f9ebc7e852,Ibsaa Qannaa,5,it's very expressive and fast and easy to Use.,2025-12-04 15:00:29.717000+00:00,0,it's very expressive and fast and easy to Use.,en
Dashen,com.dashen.dashensuperapp,eba970c5-75ca-48dc-8426-df4766186cd2,Surafel Brhanu,5,Dashn Bank is fast and easy,2025-12-04 13:19:06.590000+00:00,0,Dashn Bank is fast and easy,en
Dashen,com.dashen.dashensuperapp,a1b67a6c-5928-48ba-9e02-80d1a6ca01f0,Endris yimer,5,this bank is very nice to me,2025-12-04 12:07:33.818000+00:00,0,this bank is very nice to me,en
Dashen,com.dashen.dashensuperapp,ae2839fd-f7fc-4e4a-be3f-433714062b15,Roba Dori Dadi,5,it's the best mobile banking app I ever seen,2025-12-04 04:46:55.828000+00:00,0,it's the best mobile banking app I ever seen,en
Dashen,com.dashen.dashensuperapp,7f17324e-a225-4967-8b80-5da33a7be0e1,B,5,than u,2025-12-03 12:34:42.656000+00:00,0,than u,en
Dashen,com.dashen.dashensuperapp,6a6357ea-0567-4ec6-a74c-5778955add80,Getachew Alene,5,Interesting App.,2025-12-03 07:52:51.804000+00:00,0,Interesting App.,en
Dashen,com.dashen.dashensuperapp,b0f96f34-f3e2-44d8-a78f-5524ff9bcbef,tilahun berhanu,3,it takes time to login. but after login its good but sometimes unexpected termination occur in which rises untrust to use usually the app. Because of this am forcely using other bank applications.,2025-12-03 07:48:07.633000+00:00,4,it takes time to login. but after login its good but sometimes unexpected termination occur in which rises untrust to use usually the app. Because of this am forcely using other bank applications.,en
Dashen,com.dashen.dashensuperapp,a6a87b89-636e-4e2b-be00-14998293fe16,Sebsibe Ashame,5,I always receive excellent service & follow up. they strive to complete customer needs. they always available. I am totally happy with Dashen services given. Thanks. Blessings.,2025-12-03 03:08:53.581000+00:00,1,I always receive excellent service & follow up. they strive to complete customer needs. they always available. I am totally happy with Dashen services given. Thanks. Blessings.,en
Dashen,com.dashen.dashensuperapp,67e589b7-0c9b-428f-b44d-8c514ac0a774,Buruk Abebe,1,"the is always under mentenance, or temporarily unavailable and they're adding features no one is looking for at the cost of not being able to use the app in the first place.",2025-12-02 09:47:03.273000+00:00,3,"the is always under mentenance, or temporarily unavailable and they're adding features no one is looking for at the cost of not being able to use the app in the first place.",en
Dashen,com.dashen.dashensuperapp,fc1b36da-fbe5-4954-8ac3-7798a232f85b,Mikiyas Demeke,5,Dashen bank is my first choice it's best bank for me and super app is easy to use anything and it's bery fast.,2025-12-01 21:15:46.901000+00:00,0,Dashen bank is my first choice it's best bank for me and super app is easy to use anything and it's bery fast.,en
Dashen,com.dashen.dashensuperapp,9982fb54-d701-4166-9d5d-902325f6977b,Mohammed Abdella,4,"its Good App when we compare to others but when we enter our code,it takes too long to open the apps fix it please",2025-12-01 18:18:41.224000+00:00,3,"its Good App when we compare to others but when we enter our code,it takes too long to open the apps fix it please",en
Dashen,com.dashen.dashensuperapp,c6405e6e-388a-439f-bcc6-222688006e5a,mulusew alene,5,easy to use and comfortable.,2025-12-01 17:26:20.402000+00:00,0,easy to use and comfortable.,en
Dashen,com.dashen.dashensuperapp,7b09812d-c331-4668-ac63-9405b46fb9f8,Firezer Judah,5,Great,2025-12-01 10:59:21.732000+00:00,0,Great,en
Dashen,com.dashen.dashensuperapp,138d9273-481a-4d51-b347-7a7bb6b491ee,Abel Getahun,5,when u release update its always a problem,2025-12-01 09:58:31.438000+00:00,0,when u release update its always a problem,en
Dashen,com.dashen.dashensuperapp,b3fdcfa0-0b98-438d-af7a-e04ee2d4c009,Endalkachew Nigussie,5,primary choice,2025-12-01 08:06:17.904000+00:00,0,primary choice,en
Dashen,com.dashen.dashensuperapp,b797bfb7-bbba-4d0f-8e6d-9ab90528b136,Neguss Asfaw,4,its use friendly,2025-12-01 08:01:24.555000+00:00,1,its use friendly,en
Dashen,com.dashen.dashensuperapp,853d49b8-e54a-459e-8011-6ad199abb578,Ephron Abera,1,"The apk need time to open the passward page immediately , and lagging.",2025-12-01 05:48:25.615000+00:00,0,"The apk need time to open the passward page immediately , and lagging.",en
Dashen,com.dashen.dashensuperapp,8a0203ea-da03-42dd-bde0-80e4188ee4d7,natnael alemneh,1,"this app is not good it's, access are limited and u guys are working only on it's graphics we need it for banking activities not for game. make it more active and better its dormant. i don't like it cbe is better than.",2025-11-30 19:06:29.510000+00:00,2,"this app is not good it's, access are limited and u guys are working only on it's graphics we need it for banking activities not for game. make it more active and better its dormant. i don't like it cbe is better than.",en
Dashen,com.dashen.dashensuperapp,944aa261-9166-4efd-bf85-a65f109da117,Bereket demeke Bereket,5,great app,2025-11-30 16:27:00.650000+00:00,0,great app,en
Dashen,com.dashen.dashensuperapp,5860d6f3-15d5-456b-aabe-bf92bd885546,Berhanu Ashebir BA,5,very smart App easy to use and friendly,2025-11-29 13:22:04.198000+00:00,0,very smart App easy to use and friendly,en
Dashen,com.dashen.dashensuperapp,39f85efe-9d6d-4974-910c-4f7174f6a8e0,Gashu Mesfin,5,Very exemplery App to other Bank Aps !,2025-11-28 23:45:26.530000+00:00,0,Very exemplery App to other Bank Aps !,en
Dashen,com.dashen.dashensuperapp,9504f5cc-7f16-4fe0-8ba5-f76eef162f8b,Selamawit Yegebawal,5,"its fast and easy to communicate to the app and its available all area keep it up.i will make Happy for this application thank you dashen bank for your effort,commitment and dedication. i appricated your work.",2025-11-26 15:02:58.430000+00:00,2,"its fast and easy to communicate to the app and its available all area keep it up.i will make Happy for this application thank you dashen bank for your effort,commitment and dedication. i appricated your work.",en
Dashen,com.dashen.dashensuperapp,d29af33e-3f63-4b7e-9312-b63f7d2c6724,Daniel Berhanu,1,What do you care about my phone's settings? Who are you to tell me what to turn off and on? It is my phone after all. This *develoler option* thing will cost you a lot of users who are willing to leave the bank once and for all. Turn this thing off. 6 you fear this is a security issue fix your side not mine.,2025-11-25 14:03:10.669000+00:00,5,What do you care about my phone's settings? Who are you to tell me what to turn off and on? It is my phone after all. This *develoler option* thing will cost you a lot of users who are willing to leave the bank once and for all. Turn this thing off. 6 you fear this is a security issue fix your side not mine.,en
Dashen,com.dashen.dashensuperapp,3d668840-c868-4164-8efe-9295ef537613,Ezana Berhnu,3,very easy app,2025-11-23 05:37:38.526000+00:00,0,very easy app,en
Dashen,com.dashen.dashensuperapp,eeb816b9-14d4-4d91-a3b5-90b391850faa,kassahun assefa,5,"The Dashen Super App is very impressive. It is fast, easy to use, and provides smooth access to all essential banking services. Money transfer, bill payment, balance check, and other features work efficiently without issues. The design is clean and user-friendly. Great step forward in digital banking — keep up the good work, Dashen Bank!..",2025-11-19 17:51:58.484000+00:00,240,"The Dashen Super App is very impressive. It is fast, easy to use, and provides smooth access to all essential banking services. Money transfer, bill payment, balance check, and other features work efficiently without issues. The design is clean and user-friendly. Great step forward in digital banking — keep up the good work, Dashen Bank!..",en
Dashen,com.dashen.dashensuperapp,51268efb-62a7-4121-9fc7-d0b377a32aab,Kim Du,1,bill payment options are limited in this app please add ethio telecom bill electric bill etc.. instead of adding nonsense in banking app,2025-11-18 12:03:30.963000+00:00,1,bill payment options are limited in this app please add ethio telecom bill electric bill etc.. instead of adding nonsense in banking app,en
Dashen,com.dashen.dashensuperapp,dabda953-ac0a-476a-8791-c6a66deebc20,Betelhem Te,2,"it's a really slow app, I'm not sure what the issue is. Even other bank transfers are not working",2025-11-18 10:26:04.531000+00:00,1,"it's a really slow app, I'm not sure what the issue is. Even other bank transfers are not working",en
Dashen,com.dashen.dashensuperapp,15bd455e-6fb5-4dc8-8068-cc051fcd5d79,Yechale Abebawu,1,"it say's disable developer option, i disabled it but its not working still",2025-11-17 08:23:29.807000+00:00,1,"it say's disable developer option, i disabled it but its not working still",en
Dashen,com.dashen.dashensuperapp,b2fb954d-1f3b-4b0b-9ab2-7a6da576cf26,Yordanos Ifa,5,with the super app evry thing i need is just a tap away,2025-11-17 05:39:31.914000+00:00,0,with the super app evry thing i need is just a tap away,en
Dashen,com.dashen.dashensuperapp,ecafe965-6f57-4ef5-88ee-9ef8adca142d,Bereket Gugsa,5,clear and presize,2025-11-15 11:47:13.371000+00:00,0,clear and presize,en
Dashen,com.dashen.dashensuperapp,02b493af-68e8-4109-95e9-38dfce50d742,ADDISU GIRMA,5,smooth and easy!!!,2025-11-14 10:42:09.840000+00:00,0,smooth and easy!!!,en
Dashen,com.dashen.dashensuperapp,b8b11ccd-acac-419e-8ffc-16c86972ffd9,Bruk Dejenu,5,I have had an amazing experience with this app;ot os convenient and easy to use,2025-11-14 10:37:45.605000+00:00,0,I have had an amazing experience with this app;ot os convenient and easy to use,en
Dashen,com.dashen.dashensuperapp,35ecd30c-9d1c-40c7-90c0-592d9ea5d0bd,Yohanese Asmamaw,5,"All in One Super App with smooth navigation, transaction and lifestyle services",2025-11-14 10:30:57.644000+00:00,0,"All in One Super App with smooth navigation, transaction and lifestyle services",en
Dashen,com.dashen.dashensuperapp,dbd90565-cfa7-4a22-a297-b37face26e17,Yared Alebachewu,5,Very nice App.,2025-11-14 10:19:23.357000+00:00,0,Very nice App.,en
Dashen,com.dashen.dashensuperapp,a1d46fd6-d7a6-458a-b1a2-1b5679bd7c02,Fasika Getnet,2,system failure transfer to others account,2025-11-13 20:12:49.685000+00:00,0,system failure transfer to others account,en
Dashen,com.dashen.dashensuperapp,53570f06-6252-49fc-9626-b9e88fe490a9,Asrat Enyew Ajebu,1,thank you,2025-11-13 13:54:07.130000+00:00,0,thank you,en
Dashen,com.dashen.dashensuperapp,3ece3a7c-9557-45ae-8053-2bf5568f2861,Natnael Samuel,1,"Only the UI/UX is good, but it doesn't function properly. It's a shame that a leading tech bank has such an app. Amole is far better.",2025-11-13 12:33:36.751000+00:00,3,"Only the UI/UX is good, but it doesn't function properly. It's a shame that a leading tech bank has such an app. Amole is far better.",en
Dashen,com.dashen.dashensuperapp,292edafd-2214-4c68-a18e-744b5a0f3db4,Abraham Tesfaye,5,"excellent app. to use perfectlly to pay,transfer,tele airtime and so on.",2025-11-12 15:52:55.791000+00:00,0,"excellent app. to use perfectlly to pay,transfer,tele airtime and so on.",en
Dashen,com.dashen.dashensuperapp,3a8163db-3a24-4d28-bba2-58bb438391aa,Hapte Ye,5,wow dashen bank super app,2025-11-12 09:20:07.359000+00:00,0,wow dashen bank super app,en
Dashen,com.dashen.dashensuperapp,fec786b2-90d3-454d-a63e-bf53bf71c2a6,Dinkalem Anteneh Asefa,1,"This so-called “Super App” is a complete disappointment. It’s confusing, slow, and full of glitches honestly, it feels like it was designed to test people’s patience, not to help them bank. Calling it “super” is a joke; it’s one of the most useless apps I’ve ever used.",2025-11-11 14:57:21.871000+00:00,1,"This so-called “Super App” is a complete disappointment. It’s confusing, slow, and full of glitches honestly, it feels like it was designed to test people’s patience, not to help them bank. Calling it “super” is a joke; it’s one of the most useless apps I’ve ever used.",en
Dashen,com.dashen.dashensuperapp,6e114d46-b6cd-4ac4-9b39-611be7092468,Dawud Mohammed,5,Best Mobile Banking App in Ethiopia .,2025-11-11 14:42:25.197000+00:00,0,Best Mobile Banking App in Ethiopia .,en
Dashen,com.dashen.dashensuperapp,0564e4c4-c11e-4d31-b2d8-bdc5725ebb2c,Mohammed Ahmed,5,very nice app I have ever seen,2025-11-10 20:06:02.158000+00:00,1,very nice app I have ever seen,en
Dashen,com.dashen.dashensuperapp,898109d7-385c-4fc9-b8a6-bd6e2a303a39,Behailu MEngistu,1,NASTY BANK . EVEN THE SUPPER APP IS NOT WORKING WELL. WHEN I AM CALLING THEM THEY ARE NOT RESPONSE . PLEASE DON'T USE THIS APP BECAUSE YOU WILL LOSS YOU TIME ;ENERGY AND EVERYTHING . HOPELESS Bank .,2025-11-10 16:19:34.914000+00:00,2,NASTY BANK . EVEN THE SUPPER APP IS NOT WORKING WELL. WHEN I AM CALLING THEM THEY ARE NOT RESPONSE . PLEASE DON'T USE THIS APP BECAUSE YOU WILL LOSS YOU TIME ;ENERGY AND EVERYTHING . HOPELESS Bank .,en
Dashen,com.dashen.dashensuperapp,d5e77822-77c3-4c94-b062-4c36c8b6e210,Obang ojulu,5,it's good but is not fast,2025-11-09 13:40:07.652000+00:00,0,it's good but is not fast,en
Dashen,com.dashen.dashensuperapp,ef42c724-ee02-45e6-8c6f-f0f4a8ab7fc6,Usu Elemo,4,your financial system must improved,2025-11-09 12:13:07.625000+00:00,0,your financial system must improved,en
Dashen,com.dashen.dashensuperapp,1f2786d3-7b51-4467-95f2-fb7ef877469a,Fire Ko,5,your service is too good,2025-11-09 05:18:32.849000+00:00,0,your service is too good,en
Dashen,com.dashen.dashensuperapp,09607d06-8ab3-45a4-bc8e-c824930c888a,Yoseph Destaw,5,good experience,2025-11-09 05:15:48.250000+00:00,0,good experience,en
Dashen,com.dashen.dashensuperapp,215de933-fc3e-45ce-9bd9-b7d6d113c8c3,Bedaso gemechu,5,"easy to use, friendly",2025-11-06 17:34:55.280000+00:00,0,"easy to use, friendly",en
Dashen,com.dashen.dashensuperapp,80a217d4-a389-40ab-bd17-b6c164c76aaa,Zerihun Hailu,1,"not attractive and friendly app. Check Awash, CBE apps",2025-11-06 11:19:27.893000+00:00,1,"not attractive and friendly app. Check Awash, CBE apps",en
Dashen,com.dashen.dashensuperapp,362b7c91-55d7-45f5-bcd5-7088f6b09e3a,Sisay Misganaw,5,"The Dashen Super App is very impressive. It is fast, easy to use, and provides smooth access to all essential banking services. Money transfer, bill payment, balance check, and other features work efficiently without issues. The design is clean and user-friendly. Great step forward in digital banking — keep up the good work, Dashen Bank!",2025-11-05 17:11:36.662000+00:00,386,"The Dashen Super App is very impressive. It is fast, easy to use, and provides smooth access to all essential banking services. Money transfer, bill payment, balance check, and other features work efficiently without issues. The design is clean and user-friendly. Great step forward in digital banking — keep up the good work, Dashen Bank!",en
Dashen,com.dashen.dashensuperapp,6bf6ad8e-bd05-454f-ac8f-fc11c1aeedb5,Dana John (G),5,"Dashen, always two step ahead.",2025-11-05 12:33:19.760000+00:00,0,"Dashen, always two step ahead.",en
Dashen,com.dashen.dashensuperapp,e2e4f955-c79a-4192-a71e-950a3fde3907,biruk hiruy,3,"Please try to fix the barrier between other banks specially with ""Commercial bank of Ethiopia""",2025-11-05 11:05:15.361000+00:00,0,"Please try to fix the barrier between other banks specially with ""Commercial bank of Ethiopia""",en
Dashen,com.dashen.dashensuperapp,7bf9a8a8-2718-4a3b-85f0-3ac3b628ec84,Sileshi Yilma Reta,5,It is a wonderful App developed by a local talent. It deserves an appreciation. It will continue to evolve with new exciting features.,2025-11-05 06:51:46.727000+00:00,5,It is a wonderful App developed by a local talent. It deserves an appreciation. It will continue to evolve with new exciting features.,en
Dashen,com.dashen.dashensuperapp,d18aa410-4dc1-4c26-8f7d-a866f5b498ba,temesgen tamrat,5,"i love the app it features are perfect, but it asks to update too many times to activate your need to visit a nearest branch and that takes time. other than that the app is great I like it",2025-11-05 05:25:51.428000+00:00,159,"i love the app it features are perfect, but it asks to update too many times to activate your need to visit a nearest branch and that takes time. other than that the app is great I like it",en
Dashen,com.dashen.dashensuperapp,d4d30d69-4b0a-4ad0-8430-7aa85f6467e6,Siltanu Nigus,5,its supper,2025-11-04 16:47:11.785000+00:00,0,its supper,en
Dashen,com.dashen.dashensuperapp,8eb02f5b-df9f-420c-b3b8-834820e32c3c,tibebe Solomon,1,it's so boring,2025-11-04 15:37:56.169000+00:00,0,it's so boring,en
Dashen,com.dashen.dashensuperapp,ba74c62f-ad24-42ab-bbdf-b56a765ba124,Amanuel Nibret,5,Dashen Bank Super App is the latest version of online banking system that is the gift from Dashen bank for us Thanks to Dashen,2025-11-04 13:07:00.456000+00:00,0,Dashen Bank Super App is the latest version of online banking system that is the gift from Dashen bank for us Thanks to Dashen,en
Dashen,com.dashen.dashensuperapp,8ffcaec9-4351-4cc7-973c-1d86365894f0,Yeneineh Seiba,5,"i rarely leave reviews, but this app truely deserves one.it's efficient ,secure , reliable and makes fanancial tasks effortless.definitely 5 stars for this exceptional app",2025-11-04 12:35:15.662000+00:00,1,"i rarely leave reviews, but this app truely deserves one.it's efficient ,secure , reliable and makes fanancial tasks effortless.definitely 5 stars for this exceptional app",en
Dashen,com.dashen.dashensuperapp,360a6c12-d948-4ce0-aea6-267b8eaaa743,Bereket ab,3,it has improved very much lately its working more and getting better but yet it is not fully fixed some time at night it doesn't work..i think the problem is it was launched too early.,2025-11-04 11:32:40.942000+00:00,135,it has improved very much lately its working more and getting better but yet it is not fully fixed some time at night it doesn't work..i think the problem is it was launched too early.,en
Dashen,com.dashen.dashensuperapp,59498129-d37f-4693-a7e7-834300661621,Mikiyas Negussie,5,"I just updated my app to the latest version and I couldn't even see my balance, send money or do anything. It says service is unavailable and it will be fixed soon.",2025-11-01 09:55:50.690000+00:00,93,"I just updated my app to the latest version and I couldn't even see my balance, send money or do anything. It says service is unavailable and it will be fixed soon.",en
Dashen,com.dashen.dashensuperapp,2ccfdda8-3a7e-4c83-a336-837799716a01,Dawit Jack,1,it's too slow,2025-11-01 09:50:25.373000+00:00,0,it's too slow,en
Dashen,com.dashen.dashensuperapp,9f025499-c17d-4452-bb71-3c2b7b1c4500,Eyob L. Getaneh,1,"Before the recent update, this app was great. Now, the home page is cluttered with promotions and banners, which really hurts the experience. I think the app stopped being banking app and started only to promote b/c 95% of the app is only ads, also full of bugs",2025-11-01 08:56:49.132000+00:00,2,"Before the recent update, this app was great. Now, the home page is cluttered with promotions and banners, which really hurts the experience. I think the app stopped being banking app and started only to promote b/c 95% of the app is only ads, also full of bugs",en
Dashen,com.dashen.dashensuperapp,34e38910-0b27-4048-954e-82aa66d61c43,Zelalem Argaw,1,"This might be the worst banking app I've ever used I dont know why kind of bug it is but suddenly the apps stops working it says ""Temporarily unavailable"" for a simple feature like viewing account balance and in person visit was no help it took them longer than 2 hours to fix it and even after that 2 weeks later the same problem just because of this I'm going to stop using the bank altogether which is a shame because it's a decent bank",2025-11-01 06:46:53.236000+00:00,811,"This might be the worst banking app I've ever used I dont know why kind of bug it is but suddenly the apps stops working it says ""Temporarily unavailable"" for a simple feature like viewing account balance and in person visit was no help it took them longer than 2 hours to fix it and even after that 2 weeks later the same problem just because of this I'm going to stop using the bank altogether which is a shame because it's a decent bank",en
Dashen,com.dashen.dashensuperapp,54ec2a20-6d4c-4934-8f43-95bcbfc419ae,A.Senay ZENEBE,1,The worst app ever. Extremely unreliable. Such a shame for a big bank.,2025-10-31 16:59:12.128000+00:00,0,The worst app ever. Extremely unreliable. Such a shame for a big bank.,en
Dashen,com.dashen.dashensuperapp,a2b10118-101d-4ee3-ad6f-61980614aa3b,Abel Andualem,1,app is too slow not opening fast,2025-10-30 21:20:28.126000+00:00,0,app is too slow not opening fast,en
Dashen,com.dashen.dashensuperapp,a0165d49-aca9-41e3-929f-ef67fccf3f56,Abie Brhane,1,"it's seems to have some improvements, I don't know what's going on with this app sometimes get collapseed. This is not expected from Dashen bank, which is amongst from famous and greatest banks.",2025-10-30 14:55:02.435000+00:00,1,"it's seems to have some improvements, I don't know what's going on with this app sometimes get collapseed. This is not expected from Dashen bank, which is amongst from famous and greatest banks.",en
Dashen,com.dashen.dashensuperapp,8e7a821b-fa3e-4d69-aaed-7ef7e4bc9019,Roba Mohammed,5,very interesting,2025-10-30 08:57:02.420000+00:00,0,very interesting,en
Dashen,com.dashen.dashensuperapp,99b90e10-84e8-4a3d-b564-b6b1fc10698e,Zeyneb Hamza,1,what your emplyees tell as about the app when they came to our store and what actually the app is different,2025-10-30 07:40:08.500000+00:00,0,what your emplyees tell as about the app when they came to our store and what actually the app is different,en
Dashen,com.dashen.dashensuperapp,163201b7-323d-4462-850b-c8453dfcb4cf,Natnael Deyas,5,"Dashen Bank Super App is incredibly convenient! Easy to use, fast, and reliable – a great app to manage everything in one place.",2025-10-29 10:12:01.208000+00:00,23,"Dashen Bank Super App is incredibly convenient! Easy to use, fast, and reliable – a great app to manage everything in one place.",en
Dashen,com.dashen.dashensuperapp,57912538-8398-4446-95f5-85a0c28e7a98,all in one,1,it is the worst app ever istg 🤮🤮🤮,2025-10-29 01:06:49.557000+00:00,0,it is the worst app ever istg 🤮🤮🤮,en
Dashen,com.dashen.dashensuperapp,593462a4-2b65-4980-a492-9eeef5f116ca,Seid Endris,5,"Dashen Super App is a game-changer with its sleek, user-friendly interface. Lightning-fast responses and seamless navigation make every task a breeze. Love the organized layout and clear features that save time daily. Fantastic work—highly recommended for effortless banking!",2025-10-28 14:18:01.343000+00:00,0,"Dashen Super App is a game-changer with its sleek, user-friendly interface. Lightning-fast responses and seamless navigation make every task a breeze. Love the organized layout and clear features that save time daily. Fantastic work—highly recommended for effortless banking!",en
Dashen,com.dashen.dashensuperapp,c68cdc01-a66b-40fe-a6b7-cbb1487156f4,Mekbib Zawde,5,"The design is clean and modern, and everything works smoothly without bugs. I love how reliable the app is it makes banking so convenient.",2025-10-28 13:46:47.819000+00:00,20,"The design is clean and modern, and everything works smoothly without bugs. I love how reliable the app is it makes banking so convenient.",en
Dashen,com.dashen.dashensuperapp,be6dc291-6fb0-427b-8553-d735553e3313,Leul,5,"A true banking super app! The Dashen Super App combines great design, security, and an impressive range of features. Highly recommended for anyone looking for a complete digital banking experience.",2025-10-28 13:44:46.399000+00:00,4,"A true banking super app! The Dashen Super App combines great design, security, and an impressive range of features. Highly recommended for anyone looking for a complete digital banking experience.",en
Dashen,com.dashen.dashensuperapp,9f1611c8-4469-40f3-9b6e-2736c5c13f4e,Mulugeta Tesfaw,5,"​I appreciate that this app allowed me to access multiple services in one centralized place. Thank you, Dashen Bank!",2025-10-28 13:11:32.121000+00:00,0,"​I appreciate that this app allowed me to access multiple services in one centralized place. Thank you, Dashen Bank!",en
Dashen,com.dashen.dashensuperapp,db4710e2-0fb3-459c-a3a5-69445d4cb270,Kidus Tessema,5,"This app makes my day-to-day payments so easy. Everything works perfectly, and it saves me a lot of time.",2025-10-28 13:10:13.736000+00:00,1,"This app makes my day-to-day payments so easy. Everything works perfectly, and it saves me a lot of time.",en
Dashen,com.dashen.dashensuperapp,6cbe56f6-0aff-4ee7-a7fe-2c1ccf6244e4,meron,5,It’s impressive how consistently the app is improving. I’ve been using it for months and they have improved a lot in terms of not only beauty but also performance wise.,2025-10-28 12:50:27.805000+00:00,1,It’s impressive how consistently the app is improving. I’ve been using it for months and they have improved a lot in terms of not only beauty but also performance wise.,en
Dashen,com.dashen.dashensuperapp,5b430dc9-06e5-4015-a4cb-7c671ff8ae9c,Tadele Taye,5,This app has replaced several others for me. It has everything I need in one place.,2025-10-28 12:45:08.412000+00:00,0,This app has replaced several others for me. It has everything I need in one place.,en
Dashen,com.dashen.dashensuperapp,1ee92e14-11e6-4db1-8a6c-a627e42c2089,Mastewal Abegaz,5,"The app has evolved impressively over time. The latest release adds dark and light modes that enhance usability and design. It’s intuitive, modern, and clearly built with the user in mind — setting a new benchmark for digital banking.",2025-10-28 12:40:52.634000+00:00,1,"The app has evolved impressively over time. The latest release adds dark and light modes that enhance usability and design. It’s intuitive, modern, and clearly built with the user in mind — setting a new benchmark for digital banking.",en
Dashen,com.dashen.dashensuperapp,211b2b4d-826d-4192-9fa8-25d7e38c7666,Hermela Asnake,5,"Dashen superapp just keeps improving. The new theme options are beautiful, and the overall experience is faster and smoother than ever",2025-10-28 12:38:42.155000+00:00,0,"Dashen superapp just keeps improving. The new theme options are beautiful, and the overall experience is faster and smoother than ever",en
Dashen,com.dashen.dashensuperapp,3677b2d7-95ab-4c95-87af-ef1d3edb674e,Kaleab Argaw,5,I have been using this app for months and its easy to use and is user friendly thanks Dashen bank.,2025-10-28 12:36:56.543000+00:00,1,I have been using this app for months and its easy to use and is user friendly thanks Dashen bank.,en
Dashen,com.dashen.dashensuperapp,90d2468b-101a-4006-ae49-d07185b49594,Abiy Nibret,5,"Finally, banking made simple! Everything I need is in one super app. A true game changer for managing my finances on the go.",2025-10-28 12:34:16.538000+00:00,8,"Finally, banking made simple! Everything I need is in one super app. A true game changer for managing my finances on the go.",en
Dashen,com.dashen.dashensuperapp,ddeb6fa8-f5c7-46d1-b75d-914ce9f0c460,Henok Shegute,5,"I’ve been using the the App, and it’s been working really well for my daily transactions. Good work 👌",2025-10-28 12:28:36.253000+00:00,1,"I’ve been using the the App, and it’s been working really well for my daily transactions. Good work 👌",en
Dashen,com.dashen.dashensuperapp,5c592442-a2c0-4290-95d8-93a1362b4f10,Merewa Salh,5,"I appreciate how secure this app feels. Every transaction comes with confirmation, and I always get alerts immediately.",2025-10-28 12:23:09.510000+00:00,0,"I appreciate how secure this app feels. Every transaction comes with confirmation, and I always get alerts immediately.",en
Dashen,com.dashen.dashensuperapp,8cd152ac-79ad-4248-8a85-574943011aa6,Beamlak Gyes,5,I love the new dark theme it gives the app modern feel n make it more comfortable to use,2025-10-28 12:21:30.889000+00:00,2,I love the new dark theme it gives the app modern feel n make it more comfortable to use,en
Dashen,com.dashen.dashensuperapp,9188bb05-84eb-4c73-a234-31c0b5d503b7,Hluf Abebe,5,"This is amazing app, as it name ,truly supper.",2025-10-28 12:20:21.644000+00:00,0,"This is amazing app, as it name ,truly supper.",en
Dashen,com.dashen.dashensuperapp,0d789c56-bdf8-489e-8f96-c6508734fade,Wondem Abebaw,5,This is one of the most user friendly and impressive apps I have encountered in the banking sector,2025-10-28 12:19:14.749000+00:00,0,This is one of the most user friendly and impressive apps I have encountered in the banking sector,en
Dashen,com.dashen.dashensuperapp,86b26648-6711-4439-a44d-55e9aa090353,Abel Getachew,5,"Amazing UI and UX, the dark mode looks absolutely awesome!",2025-10-28 12:16:03.673000+00:00,3,"Amazing UI and UX, the dark mode looks absolutely awesome!",en
Dashen,com.dashen.dashensuperapp,3628b279-490b-4784-a3ce-d776a20e1bd5,Abod Rand,5,The updated design looks amazing. I really appreciate being able to switch between dark and light mode it’s a small change that makes a big difference!,2025-10-28 12:11:58.979000+00:00,0,The updated design looks amazing. I really appreciate being able to switch between dark and light mode it’s a small change that makes a big difference!,en
Dashen,com.dashen.dashensuperapp,9dd2a5b8-d258-4f07-b8ef-c95c4d1e3a23,Alazar Girmachew,5,Astonishing interface with ease of access and complete performance,2025-10-28 12:10:53.939000+00:00,2,Astonishing interface with ease of access and complete performance,en
Dashen,com.dashen.dashensuperapp,29976e59-78c6-40e6-bc2a-6ba6e9959a09,Kidus Mamo,5,"I rarely leave reviews, but this app truly deserves one. It’s efficient, secure, and makes financial tasks effortless. Definitely a 5-star experience",2025-10-28 12:04:15.988000+00:00,4,"I rarely leave reviews, but this app truly deserves one. It’s efficient, secure, and makes financial tasks effortless. Definitely a 5-star experience",en
Dashen,com.dashen.dashensuperapp,99b53c3c-9074-448a-8dd4-4d0ecf85e835,Anteneh Yimmam,5,stunning UI with reliable service!,2025-10-28 08:23:42.309000+00:00,0,stunning UI with reliable service!,en
Dashen,com.dashen.dashensuperapp,74f35e55-6ee7-4d01-bc8a-e5b3c92a6b70,Milla Coffee,5,"Super Up is the ultimate digital banking app, living up to its name with speed, efficiency, and innovation. Designed for a seamless experience, it offers lightning-fast transactions, top-tier security, and effortless financial management. With Super Up, banking has never been this smooth, smart, and super!",2025-10-27 09:40:59.825000+00:00,183,"Super Up is the ultimate digital banking app, living up to its name with speed, efficiency, and innovation. Designed for a seamless experience, it offers lightning-fast transactions, top-tier security, and effortless financial management. With Super Up, banking has never been this smooth, smart, and super!",en
Dashen,com.dashen.dashensuperapp,5cf2f96d-65d1-4c59-bc53-9ba932c4c57b,Dawit K,4,"The UI is impressive, but adding an ATM withdrawal feature for cardless cash access would enhance functionality. This may require updates to the ATM system as well. Please consider this, dev team.",2025-10-22 12:47:51.164000+00:00,6,"The UI is impressive, but adding an ATM withdrawal feature for cardless cash access would enhance functionality. This may require updates to the ATM system as well. Please consider this, dev team.",en
Dashen,com.dashen.dashensuperapp,32334fdd-91e8-4308-a104-bd3291119b05,Abriham Bahiru,1,"Dashen SuperApp is the worst app for me because it consistently fails during transfers. When I try to send money, the transaction freezes for extended periods—sometimes a full day, and often two or three days or more. Crucially, the funds are neither delivered to the recipient nor immediately refunded to my account, which is incredibly frustrating and makes me feel like I've lost my money. The app urgently needs a technical update to ensure transactions process smoothly and reliably.",2025-10-14 13:08:03.685000+00:00,9,"Dashen SuperApp is the worst app for me because it consistently fails during transfers. When I try to send money, the transaction freezes for extended periods—sometimes a full day, and often two or three days or more. Crucially, the funds are neither delivered to the recipient nor immediately refunded to my account, which is incredibly frustrating and makes me feel like I've lost my money. The app urgently needs a technical update to ensure transactions process smoothly and reliably.",en
Dashen,com.dashen.dashensuperapp,7426cf04-4823-4217-9cb9-1ba06be0f137,Yezina Achenf,5,easy,2025-10-14 07:51:03.329000+00:00,0,easy,en
Dashen,com.dashen.dashensuperapp,86f17281-1a7a-4ae7-be9f-c2130ab31b88,Fikirte Tassew,1,it doesn't let me open my account,2025-10-12 08:28:43.470000+00:00,0,it doesn't let me open my account,en
Dashen,com.dashen.dashensuperapp,78a694a1-8f38-4796-a4fc-0310a8c0a031,Zeru Sami,5,it is the best,2025-10-11 06:45:43.798000+00:00,0,it is the best,en
Dashen,com.dashen.dashensuperapp,71b44fde-a457-4a5d-bd21-cee994689ee2,Helen Getaneh,5,nice and best,2025-10-10 16:00:07.388000+00:00,0,nice and best,en
Dashen,com.dashen.dashensuperapp,a4024312-1bfc-4942-bab2-89a8800248ff,Spoonge Boobs,1,Finish the app development fully before you give the final result. It's is very inconvenient and not that reliable at the moment.,2025-10-08 12:01:12.995000+00:00,1,Finish the app development fully before you give the final result. It's is very inconvenient and not that reliable at the moment.,en
Dashen,com.dashen.dashensuperapp,fded7d2d-d728-45d8-bbff-d921bb72b84c,Get A,4,"@Shewangizaw L. As a heavy user of the app , the issue you raised around resetting pass pin concerned me and gave it a try and found it to be safe. Basically the app will do two things: verifies one using an otp and then requires an in-person visit to bank's physical branch for final verification after resetting the password. Therefore, safe to use! I wish ""i""nformational tip was added around the reset button. Could not attach screenshot.",2025-10-06 12:43:32.598000+00:00,56,"@Shewangizaw L. As a heavy user of the app , the issue you raised around resetting pass pin concerned me and gave it a try and found it to be safe. Basically the app will do two things: verifies one using an otp and then requires an in-person visit to bank's physical branch for final verification after resetting the password. Therefore, safe to use! I wish ""i""nformational tip was added around the reset button. Could not attach screenshot.",en
Dashen,com.dashen.dashensuperapp,8a4c8a02-5cf7-48f5-a9c6-b9dc12a9bd4f,Million Asfaw,5,for dashen bankk it is best app so why your bank onlyu one one app for mobile banking that means superr app,2025-10-05 12:59:15.517000+00:00,0,for dashen bankk it is best app so why your bank onlyu one one app for mobile banking that means superr app,en
Dashen,com.dashen.dashensuperapp,98f164eb-f69b-4bd7-ad2d-defcfa2249a1,Anom Abebe,2,I can't open virtual account.I have been trying it for about 3 days still no resolve.,2025-10-04 14:47:57.280000+00:00,2,I can't open virtual account.I have been trying it for about 3 days still no resolve.,en
Dashen,com.dashen.dashensuperapp,4405edcc-29c2-4606-9119-32fd60425503,Wubshet Gizachew Ayalew,1,App is passive when compare to Amole it takes 3-5 seconds to open and i cannot refresh transactions what i did.,2025-10-03 16:22:10.493000+00:00,6,App is passive when compare to Amole it takes 3-5 seconds to open and i cannot refresh transactions what i did.,en
Dashen,com.dashen.dashensuperapp,befc23dd-22be-4039-ab16-311ebf096360,Henok Haji,3,It takes gazillion years to open 😶,2025-10-02 07:54:44.982000+00:00,1,It takes gazillion years to open 😶,en
Dashen,com.dashen.dashensuperapp,fe52deb6-a04e-457e-a84a-4946e5c13f89,Romeo toank Super tee,5,this app is outstanding,2025-10-01 16:02:30.458000+00:00,0,this app is outstanding,en
Dashen,com.dashen.dashensuperapp,ca1bd0cc-d7e8-461f-89c9-f7493cb9c23d,Mola Gobena,1,totally bad,2025-10-01 13:23:57.137000+00:00,0,totally bad,en
Dashen,com.dashen.dashensuperapp,8fcb61bb-c476-4963-9ce7-8520c21fdb32,Mark Yir,2,I really appreciate but we can't use it if don't have balance or data access,2025-10-01 08:07:29.473000+00:00,5,I really appreciate but we can't use it if don't have balance or data access,en
Dashen,com.dashen.dashensuperapp,c7f14167-31f9-4fec-bf3e-5997616a9dfe,abiy ata,5,it fast service,2025-09-29 10:46:44.154000+00:00,0,it fast service,en
Dashen,com.dashen.dashensuperapp,04461449-8fd8-4684-8b12-1bc3aee7f6f2,Fitsum Mardu,4,"Good improvements after the Sep 25, 2025 update.",2025-09-29 07:17:49.705000+00:00,4,"Good improvements after the Sep 25, 2025 update.",en
Dashen,com.dashen.dashensuperapp,9a6e8134-27c5-45f1-8dae-6c6fb1827281,Shewangizaw Liulseged,1,I have one issue though what if the mobile phone with the sim is stolen and have no pattern or pin. The app allows to reset the pin directly without 2FA like finger print just by sending sms. which is a big gap. It should be addressed I didn't expect but it does and no trust at all.,2025-09-28 16:50:25.233000+00:00,347,I have one issue though what if the mobile phone with the sim is stolen and have no pattern or pin. The app allows to reset the pin directly without 2FA like finger print just by sending sms. which is a big gap. It should be addressed I didn't expect but it does and no trust at all.,en
Dashen,com.dashen.dashensuperapp,08a896dd-2fa2-481f-ba8d-53e773c2ebe0,Rahul Luhar,5,I love it 👍,2025-09-28 13:53:54.847000+00:00,1,I love it 👍,en
Dashen,com.dashen.dashensuperapp,a2779b7b-ad8d-420f-a4d4-d1e4ec4212d8,Suda Ya fatu,5,Dashen super app is the best all ethiopian banks keep it,2025-09-27 17:16:36.601000+00:00,2,Dashen super app is the best all ethiopian banks keep it,en
Dashen,com.dashen.dashensuperapp,90dfd168-3d83-4e21-87ee-6500a304e586,Kelbesa Gonfa,5,App That makes cashless society in our century and Easy to use.,2025-09-27 12:05:30.600000+00:00,1,App That makes cashless society in our century and Easy to use.,en
Dashen,com.dashen.dashensuperapp,32f7f582-e0e2-4127-b460-8faa11fc3ba1,Melkamu Tamir,5,It is an amazing app and all in one,2025-09-27 10:15:35.658000+00:00,0,It is an amazing app and all in one,en
